Country Name,Afghanistan,Albania,Algeria,American Samoa,Andorra,Angola,Antigua and Barbuda,Argentina,Armenia,Aruba,Australia,Austria,Azerbaijan,"Bahamas, The",Bahrain,Bangladesh,Barbados,Belarus,Belgium,Belize,Benin,Bermuda,Bhutan,Bolivia,Bosnia and Herzegovina,Botswana,Brazil,British Virgin Islands,Brunei Darussalam,Bulgaria,Burkina Faso,Burundi,Cabo Verde,Cambodia,Cameroon,Canada,Cayman Islands,Central African Republic,Chad,Channel Islands,Chile,China,Colombia,Comoros,"Congo, Dem. Rep.","Congo, Rep.",Costa Rica,Cote d'Ivoire,Croatia,Cuba,Curacao,Cyprus,Czech Republic,Denmark,Djibouti,Dominica,Dominican Republic,Ecuador,"Egypt, Arab Rep.",El Salvador,Equatorial Guinea,Eritrea,Estonia,Eswatini,Ethiopia,Faroe Islands,Fiji,Finland,France,French Polynesia,Gabon,"Gambia, The",Georgia,Germany,Ghana,Gibraltar,Greece,Greenland,Grenada,Guam,Guatemala,Guinea,Guinea-Bissau,Guyana,Haiti,Honduras,"Hong Kong SAR, China",Hungary,Iceland,India,Indonesia,"Iran, Islamic Rep.",Iraq,Ireland,Isle of Man,Israel,Italy,Jamaica,Japan,Jordan,Kazakhstan,Kenya,Kiribati,"Korea, Dem. People’s Rep.","Korea, Rep.",Kosovo,Kuwait,Kyrgyz Republic,Lao PDR,Latvia,Lebanon,Lesotho,Liberia,Libya,Liechtenstein,Lithuania,Luxembourg,"Macao SAR, China",Madagascar,Malawi,Malaysia,Maldives,Mali,Malta,Marshall Islands,Mauritania,Mauritius,Mexico,"Micronesia, Fed. Sts.",Moldova,Monaco,Mongolia,Montenegro,Morocco,Mozambique,Myanmar,Namibia,Nauru,Nepal,Netherlands,New Caledonia,New Zealand,Nicaragua,Niger,Nigeria,North Macedonia,Northern Mariana Islands,Norway,Oman,Pakistan,Palau,Panama,Papua New Guinea,Paraguay,Peru,Philippines,Poland,Portugal,Puerto Rico,Qatar,Romania,Russian Federation,Rwanda,Samoa,San Marino,Sao Tome and Principe,Saudi Arabia,Senegal,Serbia,Seychelles,Sierra Leone,Singapore,Sint Maarten (Dutch part),Slovak Republic,Slovenia,Solomon Islands,Somalia,South Africa,South Sudan,Spain,Sri Lanka,St. Kitts and Nevis,St. Lucia,St. Martin (French part),St. Vincent and the Grenadines,Sudan,Suriname,Sweden,Switzerland,Syrian Arab Republic,Tajikistan,Tanzania,Thailand,Timor-Leste,Togo,Tonga,Trinidad and Tobago,Tunisia,Turkey,Turkmenistan,Turks and Caicos Islands,Tuvalu,Uganda,Ukraine,United Arab Emirates,United Kingdom,United States,Uruguay,Uzbekistan,Vanuatu,"Venezuela, RB",Vietnam,Virgin Islands (U.S.),West Bank and Gaza,"Yemen, Rep.",Zambia,Zimbabwe
1960,,,,,,,,,,,1825.62565,1814.676017,,,,,,,1576.338815,,,,,,,,,,,,,,,,,5630.629813,,,,,,,,,,,,,,,,,,1089.6141,,,,,,,,,,,,,,1873.292466,1462.710398,,,,,1586.749415,,,241.7266532,,,,,,,,,,,,2614.282297,,,,,695.0434844,,,975.0257472,,1110.263405,,,,,,,,,,,,,,,,,,4548.205243,,,,,,,,,,,,,,,,,,,,,,,1353.399443,,2457.205498,,,,,,7681.140521,,,,,,,,,904.5650014,320.1728301,,,,,,,,,,,,,,,,,,,,,,494.7956001,,,,,,,,4002.32155,3075.550313,,,,,,,,,,92.31101313,,,,,,,2412.137405,4049.786629,,,,,,,,,,
1961,,,,,,,,,,,1947.152533,1882.223711,,,,,,,1627.51357,,,,,,,,,,,,,,,,,5605.111926,,,,,,,,,,,,,,,,,,1192.405296,,,,,,,,,,,,,,2187.623641,1550.384381,,,,,1683.414913,,,272.5632736,,,,,,,,,,,,2871.043239,,,,,752.0181277,,,1046.415105,,1246.010764,,,,,,,,,,,,,,,,,,4630.024144,,,,,,,,,,,,,,,,,,,,,,,1421.03353,,2616.853329,,,,,,8404.620755,,,,,,,,,987.9188359,350.1947966,,,,,,,,,,,,,,,,,,,,,,550.4363314,,,,,,,,4355.453286,3225.99403,,,,,,,,,,96.92005268,,,,,,,2553.693182,4182.175501,,,,,,,,,,
1962,,,,,,,,,,,2012.660585,2006.770396,,,,,,,1753.143892,,,,,,,,,,,,,,,,,5791.12496,,,,,,,,,,,,,,,,,,1355.93162,,,,,,,,,,,,,,2389.209882,1654.215708,,,,,1790.686877,,,305.3893045,,,,,,,,,,,,2895.08603,,,,,838.1375505,,,1143.605129,,1317.93138,,,,,,,,,,,,,,,,,,5094.31021,,,,,,,,,,,,,,,,,,,,,,,1528.50037,,2751.813054,,,,,,9390.978307,,,,,,,,,1062.177277,379.1422823,,,,,,,,,,,,,,,,,,,,,,613.2474471,,,,,,,,4613.97791,3278.006177,,,,,,,,,,112.0597713,,,,,,,2780.657277,4433.606021,,,,,,,,,,
1963,,,,,,,,,,,2211.689498,2124.359184,,,,,,,1880.993824,,,,,,,,,,,,,,,,,5966.04092,,,,,,,,,,,,,,,,,,1497.924104,,,,,,,,,,,,,,2479.15851,1751.161542,,,,,1916.927528,,,342.1141855,,,,,,,,,,,,2978.675271,,,,,886.1935393,,,1266.350581,,1506.011651,,,,,,,,,,,,,,,,,,7016.352977,,,,,,,,,,,,,,,,,,,,,,,1647.505935,,3078.837191,,,,,,9658.705203,,,,,,,,,1092.699922,409.8399232,,,,,,,,,,,,,,,,,,,,,,663.9368538,,,,,,,,4728.754467,3351.452791,,,,,,,,,,120.5836574,,,,,,,3002.087605,4690.486256,,,,,,,,,,
1964,,,,,,,,,,,2417.211427,2232.896504,,,,,,,2062.994976,,,,,,,,,,,,,,,,,6468.926261,,,,,,,,,,,,,,,,,,1624.498737,,,,,,,,,,,,,,2715.375011,1896.889526,,,,,2060.547354,,,407.970033,,,,,,,,,,,,3074.350603,,,,,1041.670301,,,1353.314491,,1676.445935,,,,,,,,,,,,,,,,,,8692.601068,,,,,,,,,,,,,,,,,,,,,,,1778.740542,,3250.560842,,,,,,10553.44407,,,,,,,,,1167.040523,459.527645,,,,,,,,,,,,,,,,,,,,,,745.3843731,,,,,,,,5189.291606,3454.519325,,,,,,,,,,132.0581118,,,,,,,3127.462963,4970.446456,,,,,,,,,,
1965,,,,,,,,,,,2625.219529,2305.357708,,,,,,,2163.960334,,,,,,,,,,,,,,,,,6909.89938,,,,,,,,,,,,,,,,,,1818.654796,,,,,,,,,,,,,,2938.384638,1988.336431,,,,,2194.206061,,,475.4200801,,,,,,,,,,,1135.009241,2974.73555,,,,,1134.39683,,,1446.739592,,1775.836089,,,,,,,,,,,,,,,,,,9107.088989,,,,,,,,,,,,,,,,,,,,,,,1914.153151,,3513.163902,,,,,,11416.35296,,,,,,,,,1251.011689,486.8537811,,,,,,,,,,,,,,,,,,,,,,822.9567408,,,,,,,,5521.18071,3586.28881,,,,,,,,,,143.8349809,,,,,,,3330.18388,5234.685002,,,,,,,,,,
1966,,,,,,,,,,,2765.084542,2375.012735,,,,,,,2255.188418,,,,,,,,,,,,,,,,,7359.088188,,,,,,,,,,,,,,,,,,1984.41608,,,,,,,,,,,,,,3197.864859,2095.697416,,,,,2300.499798,,,625.2865365,,,,,,,,,,,1219.513034,2914.557447,,,,,1238.230407,,,1573.202079,,1984.16675,,,,,,,,,,,,,,,,,,9541.921862,,,,,,,,,,,,,,,,,,,,,,,2088.188493,,3677.641167,,,,,,11655.97126,,,,,,,,,1361.541618,543.0528978,,,,,,,,,,,,,,,,,,,,,,925.930687,,,,,,,,5632.190489,3653.428978,,,,,,,,,,156.6327391,,,,,,,3425.803087,5590.33374,,,,,,,,,,
1967,,,,,,,,,,,2969.48894,2448.692544,,,,,,,2357.58493,,,,,,,,,,,,,,,,,7630.168528,,,,,,,,,,,,,,,,,,2128.489455,,,,,,,,,,,,,,3345.387846,2186.790028,,,,,2362.908943,,,742.2771395,,,,,,,,,,,1306.304913,2918.224311,,,,,1343.347861,,,1693.254317,,2253.660958,,,,,,,,,,,,,,,,,,9495.664114,,,,,,,,,,,,,,,,,,,,,,,2243.653677,,3712.418781,,,,,,12256.97502,,,,,,,,,1484.064463,572.4253255,,,,,,,,,,,,,,,,,,,,,,1033.076974,,,,,,,,6017.973467,3749.633874,,,,,,,,,,170.2691472,,,,,,,3506.887062,5888.340915,,,,,,,,,,
1968,,,,,,,,,,,3102.006828,2608.624238,,,,,,,2596.177718,,,,,,,,,,,,,,,,,8030.418434,,,,,,,,,,,,,,,,,,2339.213502,,,,,,,,,,,,,,3628.685289,2267.666791,,,,,2579.749915,,,802.7901448,,,,,,,,,,,1380.095097,2992.734059,,,,,1498.516575,,,1823.39875,,2513.333531,,,,,,,,,,,,,,,,,,9209.468513,,,,,,,,,,,,,,,,,,,,,,,2487.250113,,3880.499254,,,,,,13494.8746,,,,,,,,,1592.740347,614.599424,,,,,,,,,,,,,,,,,,,,,,1154.526781,,,,,,,,6512.919865,3852.192111,,,,,,,,,,184.5956924,,,,,,,3762.590176,6385.459329,,,,,,,,,,
1969,,,,,,,,,,,3329.609394,2814.654642,,,,,,,2830.593969,,,,,,,,,,,,,,,,,8532.908503,,,,,,,,,,,,,,,,,,2620.475647,,,,,,,,,,,,,,4071.556095,2470.97485,,,,,2815.221348,,,917.6127387,,,,,,,,,,,1467.366391,3796.055446,,,,,1608.783864,,,1934.814463,,2863.179933,,,,,,,,,,,,,,,,,,10260.74074,,,,,,,,,,,,,,,,,,,,,,,2710.905682,,4087.925563,,,,,,13230.21737,,,,,,,,,1701.901482,681.1145157,,,,,,,,,,,,,,,,,,,,,,1293.58961,,,,,,,,7017.883373,4022.725425,,,,,,,,,,205.5474919,,,,,,,4006.330969,6904.8338,,,,,,,,,,
1970,,,,,,,,,,,3609.978412,3019.116159,,,,,,,3031.521046,,,,,,,,,,,,,,,,,8962.202213,,,,,,,,,,,,,,,,,,2893.224397,,,,,,,,,,,,,,4570.906802,2626.923443,,,,,3834.178407,,,1023.791495,,,,,,,,,,,1588.618976,6471.399642,,,,,1750.951052,,,2072.912767,,3222.003929,,,,,,,,,,,,,,,,,,10649.49539,,,,,,,,,,,,,,,,,,,,,,,2948.339406,,4271.533782,,,,,,13454.12503,,,,,,,,,1806.834985,763.9021611,,,,,,,,,,,,,,,,,,,,,,1415.841018,,,,,,,,7315.983573,4306.508607,,,,,,,,,,222.3859564,,,,,,,4166.932402,7236.657043,,,,,,,,,,
1971,,532.0284315,133.8734892,,,92.04113974,,874.4593523,,,3751.642576,3213.126836,,,1951.777479,10.83446219,,,3217.045264,,10.75062186,,,165.8758463,,,459.8856907,,1754.243722,2292.653983,,,,,152.3245868,9166.683666,,,,,761.2599642,151.9893473,414.7885408,,162.273348,56.37312861,605.4606432,97.02098656,,505.8590453,4091.214405,990.5630747,3424.202043,3059.362184,,,327.843344,144.5397122,204.3503169,169.4933687,,,,,18.87267043,,,4889.504272,2751.886709,,186.4761502,,,4064.454716,308.0268407,1551.403158,1198.273906,,,,123.4443551,,,,12.40230035,126.5133806,1297.802388,1711.303273,7001.523547,97.77271873,14.35356238,274.1312793,259.3641678,1884.661018,,2288.693385,2152.773938,815.0079085,3415.688241,130.9984291,,77.60576069,,909.0773429,295.5961286,,3021.37879,,,,525.4780385,,,178.6238424,,,11871.35135,,,,313.13184,,,1007.598282,,,146.5629208,507.5139554,,,,,,125.1920309,51.55613418,19.81102503,,,6.004552749,3146.463257,,4694.006309,224.8784024,,28.57043974,,,14084.40961,14.68687581,93.4803468,,525.2406607,,81.62869355,390.6372244,235.7687008,1955.770433,835.2850312,,2637.881655,1632.08419,,,,,,323.7372689,73.84548061,,,,1154.810923,,2696.684044,,,,2239.902625,,1534.982698,57.6569125,,,,,35.11754303,,7674.294491,4615.348218,176.2327197,,30.34706956,120.3268063,,64.05381985,,1036.891794,155.1302621,246.300461,,,,,,681.1522646,4254.652412,7517.304646,732.0064962,,,1050.830733,40.32907536,,,33.22541697,1021.248261,649.9930071
1972,,568.4032016,142.8759276,,,100.5032846,,925.3169217,,,3880.928891,3404.469208,,,1963.736336,10.65654765,,,3612.355533,,11.82822655,,,174.0564114,,,499.0417375,,1675.796708,2486.06609,,,,,155.5223994,9803.558419,,,,,787.8322282,163.9119288,400.3743222,,158.7965701,57.58886103,651.6923169,104.1958466,,514.9941637,4312.504231,1133.761572,3595.796844,3346.825344,,,308.6978565,149.4701121,200.5392456,181.5215696,,,,,18.71217503,,,5516.140525,2929.642106,,214.1558662,,,4335.769625,341.4004309,1532.801962,1360.952444,,,,142.7383648,,,,17.15821862,126.9901631,1311.960423,1827.765553,7650.487479,100.3050736,15.89855151,315.5081062,259.9138011,2021.173255,,2497.141042,2295.493059,966.8750969,3737.265366,153.4023201,,82.00184619,,936.4949012,343.5863454,,3543.776616,,,,574.8942443,,,191.1930878,,,11661.85805,,,,347.3069407,,,1071.251447,,,160.78812,551.2348038,,,,,,138.8881319,50.70800657,21.17598691,,,7.549784871,3414.689007,,5306.656565,243.8739375,,32.72775174,,,14488.41649,29.62466833,90.97131378,,570.9679586,,88.94351278,408.5934422,260.4724535,2111.741866,911.5420668,,3034.482759,1786.720729,,,,,,358.049545,74.73092996,,,,1371.02769,,2829.469119,,,,2389.235268,,1703.508295,64.21974813,,,,,36.81220182,,8131.933073,4776.267394,201.6134665,,32.15893166,140.2507919,,61.39931713,,1146.533132,175.0029955,276.4076819,,,,,,1314.302634,4372.636946,8076.409269,695.7388388,,,1109.467639,37.67414495,,,33.64330027,1071.386829,824.1229022
1973,,593.4467457,158.7541554,,,113.5915525,,962.2661254,,,4230.343797,3620.56204,,,2087.447344,15.40564831,,,3941.603741,,18.62750608,,,173.8431646,,,554.6281926,,1582.363715,2683.109679,,,,,152.987821,10241.92086,,,,,757.8540418,175.933737,432.7127541,,167.3548115,62.8176693,676.0303817,114.5252611,,547.2390521,4478.871706,1218.692283,3729.994741,3428.211175,,,400.2488709,163.2691811,197.3626046,203.5683745,,,,,17.75319781,,,6046.830306,3162.773292,,260.065498,,,4654.985048,386.3673422,1585.160202,1547.974787,,,,151.0634354,,,,20.1275763,143.4831857,1416.446624,1955.511162,9895.580665,100.6321545,15.82129591,383.5861124,305.2720473,2143.262205,,2497.559487,2457.726839,1001.030009,4090.998251,173.471933,,84.67718351,,963.2951891,397.0894301,,3708.999763,,,,649.4911446,,,370.2553322,,,11796.26195,,,,374.9793619,,,1207.809398,,,180.384566,582.3773798,,,,,,152.1539878,57.81568216,22.77844494,,,5.75776641,3612.310204,,5525.95144,221.7001636,,35.29923043,,,15541.79001,50.80633369,101.2529341,,630.2881905,,104.534032,411.9501815,321.9146402,2264.728454,994.7759206,,2953.877316,1906.921113,,,,,,414.7842578,80.24502626,,,,1599.179207,,3026.212742,,,,2503.648732,,1873.677422,66.48035064,,,,,43.28307501,,8745.48567,5010.188911,182.2999663,,33.75326284,161.4807644,,55.57135384,,1125.243124,191.5204859,297.3393492,,,,,,1700.352741,4671.718297,8573.194154,705.1444005,,,1161.821715,39.33178874,,,31.68832959,1120.023483,844.204034
1974,,591.0326434,170.6604578,,,136.3626952,,993.2330549,,,4578.882169,3769.029711,,,2282.552171,17.13648144,,,4134.390881,,16.94164419,,,181.7143822,,,604.9785133,,1541.219563,2842.231221,,,,,169.5806996,10804.6008,,,,,800.5716479,174.2333537,472.3347689,,169.2835911,63.67057515,718.8182002,117.1322688,,571.4012903,4576.982966,1043.074298,3860.355236,3245.993249,,,364.7648703,174.3276772,217.751358,215.7497303,,,,,17.0112053,,,6140.186681,3265.249276,,299.3342177,,,4803.423204,393.57463,1539.182226,1562.259053,,,,127.9548905,,,,22.98294665,148.4029198,1351.363699,2070.195596,9962.408635,103.9926571,19.18817748,421.2798583,323.7252413,2246.055777,,2518.21143,2537.285386,1045.884295,3967.084839,188.7699323,,86.94428019,,990.5292589,458.9495538,,3898.021356,,,,700.4948797,,,426.9009905,,,13108.01296,,,,400.2997531,,,1006.635849,,,201.58489,627.376317,,,,,,157.7543952,68.43670085,22.46104838,,,7.158490503,3735.237418,,5461.520654,261.2611454,,32.84845543,,,16286.77491,95.01751886,107.3090348,,617.4023898,,112.7096877,428.0466443,309.4341187,2413.202403,1080.946476,,2994.382278,2018.980163,,,,,,502.3720922,79.83845533,,,,1634.227285,,3138.205353,,,,2629.544642,,2024.095268,67.02742977,,,,,49.77431949,,8786.445513,5027.119384,210.7596726,,33.98545552,165.7845992,,71.71281606,,1156.054282,205.3887425,312.4553447,,,,,,1876.132472,4534.254275,8449.928456,702.8800377,,,1217.683919,33.88759236,,,36.19910048,1186.718463,876.8997715
1975,,739.3450933,195.6922771,,,139.3792711,,1011.993609,,,4781.616641,3734.445473,,,2626.217909,17.28362969,,,3887.477425,,18.06953094,,,189.5462068,,,651.4966651,,1478.722483,3035.636188,,,,,174.8745882,10466.58262,,,,,731.1910427,199.0397154,454.3433168,,167.2227587,66.3779875,731.0709449,126.0058047,,622.668302,4640.27788,1029.625195,4031.268703,3414.520001,,,402.749504,196.1587765,240.2128691,209.8831875,,,,,16.48915796,,,5946.377328,3254.579569,,384.534605,,,4743.944833,371.5221372,1629.693684,1655.770974,,,,169.7886743,,,,29.63935966,155.7122121,1439.393939,2148.374962,9588.079586,114.5589281,21.44922258,458.481654,365.2674163,2175.228481,,2624.891462,2476.362214,695.7538797,4028.667143,213.9489901,,89.86508231,,1018.756674,501.7187147,,4173.354735,,,,646.4139169,,,539.8582078,,,10642.15072,,,,429.939122,,,1111.03076,,,211.8834081,655.8856332,,,,,,163.2374258,56.07358034,25.28494979,,,6.63171035,3773.140348,,5795.465603,269.696675,,45.77565498,,,16313.92407,153.0530686,111.1994504,,634.9068097,,116.4356643,436.2471105,314.5395812,2593.164309,1075.82694,,3803.554041,2214.610852,,,,,,534.403092,83.16689811,,,,1728.100415,,3111.768994,,,,2749.175864,,2054.343236,70.95526285,,,,,51.21813946,,9051.519102,4878.812968,236.4739426,,34.43450516,183.8572659,,74.26011618,,1134.592101,214.7814162,358.5790026,,,,,,2321.717451,4492.421629,8522.394003,762.1434144,,,1229.916898,38.87665036,,,37.87937409,1155.102793,948.0645866
1976,,908.6745473,220.0657727,,,60.30626516,,1032.48922,,,4901.589111,4068.190905,,,3171.783811,17.5988569,,,4247.40638,,19.41937271,,,199.6692648,,,722.0814527,,1421.087994,3247.551349,,,,,165.9619806,11075.95423,,,,,768.7174662,204.0303647,469.4388864,,161.8389179,68.88453814,766.5181877,139.5601695,,670.4913071,4665.359206,1139.116721,4173.440113,3793.718246,,,381.5556781,223.2954315,273.9282642,239.6702815,,,,,16.02866493,,,6545.746799,3594.613075,,489.8684915,,,5146.932578,384.0510473,1656.726309,1802.865648,,,,203.0308535,,,,26.9664722,162.4043222,1610.004427,2284.247364,10002.08945,124.1236912,18.33288109,490.6331634,412.3898926,2377.66557,,2718.086612,2710.457936,736.1222946,4310.620638,254.8064695,,95.8410041,,1033.238444,577.9317603,,4390.064658,,,,693.2659992,,,647.9843874,,,11487.78453,,,,466.6889999,,,1249.28869,,,249.3086099,694.8151266,,,,,,178.8025657,61.94972344,27.43152091,,,8.965360253,4009.790303,,6094.840058,304.6661591,,51.57818039,,,16913.42006,252.3085151,107.9112767,,676.0151392,,130.3344984,444.0425564,329.3310311,2741.243964,1136.940575,,4138.820292,2418.749316,,,,,,727.034961,86.60614255,,,,1884.620416,,3260.460837,,,,2885.409419,,2256.141019,72.57598874,,,,,51.91436404,,9751.545981,5082.900384,229.7726316,,35.08202697,206.7672722,,69.79321326,,1264.258268,239.178305,420.5817893,,,,,,2829.499531,4587.688515,8968.775655,806.3006182,,,1292.494191,46.31891007,,,43.19783994,1172.150884,1006.679053
1977,,1067.814156,233.1241756,,,58.27122934,,1081.751227,,,5251.197858,4137.714163,,,3661.251752,18.60785883,,,4404.824321,,21.26148156,,,216.3246913,,,790.2218389,,1367.949907,3437.797692,,,,,155.054288,11797.26259,,,,,793.8455955,220.6570531,512.9041877,,158.3561967,70.58640113,797.9633798,148.5804589,,720.7026395,4623.341518,1217.084257,4292.927434,3999.670625,,,421.6366158,251.9054071,308.4087963,259.3087221,,,,,15.03994878,,,6726.663687,3690.700959,,649.1634073,,,5285.260786,393.5374816,1620.691936,1895.046441,,,,214.8871912,,,,30.59710245,181.3396166,1804.873792,2418.569217,10631.24721,126.256732,21.72961975,514.4090122,485.1521457,2535.799159,,2831.995572,2776.818135,756.4285615,4444.771348,222.5420914,,97.41175731,,1049.678095,659.2369313,,4779.023269,,,,743.7330402,,,775.7437526,,,10443.93648,,,,530.8705526,,,1358.438935,,,280.0150644,737.4275733,,,,,,192.4802416,57.4566377,29.72515906,,,9.837092053,4077.457107,,6149.926287,335.6234104,,59.17879299,,,16515.36343,364.0811451,110.2057749,,714.9853085,,157.3723853,471.8814446,328.3564766,2871.914913,1248.985398,,4980.30913,2550.135833,,,,,,838.4812451,91.86504176,,,,2073.710919,,3413.489637,,,,2958.81037,,2294.473888,74.54376101,,,,,53.012649,,9828.347193,5324.959952,223.5552001,,35.13708847,233.6175838,,106.0172955,,1399.137038,273.1435068,461.6829542,,,,,,3737.02648,4668.423169,9337.724018,846.7047818,,,1400.420312,53.26264469,,,44.15856687,1110.911901,919.8807
1978,,1098.483166,278.9705996,,,56.34918628,,1093.416674,,,5416.283605,4335.053929,,,3746.83513,21.88203181,,,4623.389685,,46.25507032,,,227.504935,,,860.3023634,,1318.948153,3648.387027,,,,,155.7673828,12269.0193,,,,,834.0573885,246.5557723,568.1661639,,148.3788618,72.13837213,849.9098875,161.6267158,,787.5324299,4725.598452,1284.818202,4499.956942,4314.445536,,,409.5971001,291.5981358,322.4412522,281.7012769,,,,,15.73839504,,,7330.414466,3932.761391,,624.208,,,5574.745217,323.7880539,1620.799153,2100.963535,,,,220.0575777,,,,34.60387537,181.6028767,1950.723085,2611.180607,10986.99544,135.9176425,31.75896072,511.9184623,578.740782,2693.520771,,3011.924119,2891.044192,756.4436606,4670.1074,256.4855316,,100.3592546,,1066.996835,779.5140737,,5248.078741,,,,814.3369507,,,885.8400862,,,10806.42087,,,,560.549436,,,1479.776389,,,279.5932293,794.6678673,,,,,,206.088531,60.86292763,31.14619462,,,10.52437819,4251.131498,,6150.519031,324.2506334,,60.6883739,,,17314.78112,398.9159556,121.7668563,,695.7033024,,187.5031942,465.3712037,328.7354748,2988.079713,1343.656004,,6319.321077,2664.742543,,,,,,1113.007114,97.42435997,,,,2368.28688,,3468.62299,,,,3107.598245,,2399.030102,81.05305673,,,,,55.06860223,,10143.43493,5520.44673,288.613167,,34.47532711,261.7307613,,119.9398205,,1477.849345,302.4677108,479.5195965,,,,,,4190.265084,4729.849387,9560.54541,918.7238849,,,1542.59806,54.04259492,,,48.55574969,1067.615268,857.4730319
1979,,1065.767398,314.5676853,,,58.57484183,,1217.17288,,,5665.977677,4541.537932,,,4299.895857,21.42422882,,,4906.085081,,24.87200589,,,237.2575227,,,941.6991547,,1273.960043,3772.289411,,,,,155.0402979,12422.76113,,,,,876.4200622,267.3742654,607.3044666,,142.9262124,75.85996829,858.384226,198.8051395,,862.4378004,4815.659008,1358.813538,4392.392362,4541.900301,,,471.6318303,327.0781668,347.1466863,289.7279151,,,,,17.28147395,,,7930.631374,4204.007938,,728.0032958,,,5786.127216,390.2709352,1723.623587,2180.607185,,,,226.9148714,,,,36.0495034,205.7951234,2003.164493,2638.695714,11841.31836,135.7417726,38.68485519,555.6818184,726.5191872,2935.012968,,3049.392499,3040.959609,685.0198215,4862.75999,325.6449289,,103.8120809,,1083.973198,880.5560875,,6116.130088,,,,919.7569032,,,1051.10909,,,10982.31805,,,,618.2749505,,,1598.891946,,,309.5101738,840.4677056,,,,,,222.5758523,37.0324586,32.85406618,,,11.58280455,4403.106651,,6180.443873,249.1007149,,59.82248235,,,18862.29081,483.5820239,139.8337989,,796.3531376,,214.5295293,475.4756919,345.639146,3009.85465,1466.474628,,8709.807916,2694.100737,,,,,,1612.947882,102.2234332,,,,2529.473463,,3806.459359,,,,3329.461838,,2528.949623,89.12112372,,,,,53.91970164,,10694.29028,5779.137371,316.2645539,,36.93768357,278.6963613,,76.43709303,,1735.851175,354.3851988,488.5328178,,,,,,4982.028422,4922.915733,9700.695386,934.1476015,,,1835.725578,52.88592942,,,51.3710195,1046.119977,894.6898634
1980,,1142.965355,330.3043727,,,60.66208712,,1243.631466,,,5915.260005,4684.45776,,,4612.546125,19.11112164,,,4893.885351,,27.7092892,,,253.4079698,,,1016.65361,,1691.77683,3973.690788,,,,,156.1230268,12803.97551,,,,,902.7660774,281.6246873,637.2742106,,150.9167223,83.24268505,931.3897163,182.8558625,,840.0461386,4877.02731,1415.221657,4585.123745,4599.234008,,,441.2529654,359.6111043,381.9985669,273.5707562,,,,,18.0696945,,,8295.786096,4421.976933,,724.1907238,,,5797.499753,416.1497582,1729.585897,2247.445036,,,,266.1695073,,,,41.28882811,210.696361,2156.583911,2697.756594,12680.9212,141.7077001,46.17226122,538.159576,792.0398167,2868.319269,,3022.17638,3104.854578,661.1658898,4717.687657,365.8544278,,103.9763365,,1098.949528,913.629356,,6064.981,,,,979.9418988,,,1120.061526,,,10784.01758,,,,658.7870708,,,1664.324401,,,299.1597648,887.0540579,,,,,,236.868292,37.14469423,33.95247116,,,12.38645582,4364.160624,,6343.602429,258.4581501,,68.05710635,,,18725.67689,623.7130504,136.0462415,,773.3181972,,241.700389,497.4466608,373.8142673,3076.419254,1558.52076,,9716.856264,2876.669013,,,,,,1971.113585,102.9881796,,,,2718.371794,,4358.595651,,,,3519.270685,,2644.222979,94.77359221,,,,,48.38887117,,10703.40752,5992.333459,356.5200508,,36.89666867,290.5784364,,62.84826114,,1876.018674,402.7273758,495.5433503,,,,,,5752.769225,4683.932739,9862.365497,1003.982659,,,2019.283771,53.97753054,,,63.33498617,1037.283241,944.1699295
1981,,1123.968106,363.4428271,,,58.56179183,,1197.592746,,,6153.346285,4697.365866,,,4848.711643,22.8330285,,,4910.953281,,31.93610266,,,266.1004835,,586.8393221,1021.547835,,2264.7622,4125.353429,,,,,198.3453966,13239.40876,,,,,919.0974903,285.8177757,634.2600513,,135.6492722,69.92120754,963.1094467,188.9514398,,963.0373671,4857.733013,1436.504332,4639.733778,4589.996977,,,443.0660915,384.3783561,418.0394766,259.5168315,,,,,18.95258985,,,8493.605369,4580.563669,,792.2695973,,,5832.064871,409.9296379,1805.899271,2263.768905,,,,223.7248462,,,,48.15215249,224.3654557,2229.617625,2738.55641,12918.46331,151.8790596,52.27966364,557.4391144,734.4000338,2827.396467,,3067.492417,3096.934737,645.903972,4754.377465,420.7123549,,107.7129252,,1112.331181,971.7934818,,6401.585181,,,,1056.546231,,,1085.196433,,,11089.05469,,,,688.8326056,,,1749.315008,,,295.7789287,926.6705341,,,,,,248.7339301,36.68234466,30.44904885,,,14.12095739,4292.700717,,6496.847899,266.3579494,,50.90103987,,,19431.16841,754.5562169,147.7309394,,787.7704074,,264.9017144,523.7027626,337.6215704,2884.208228,1567.295974,,9935.964643,2954.448763,,,,,,2247.915611,106.0893548,,,,2778.704495,,4411.789626,,,,3678.88116,,2671.283289,100.5052698,,,,,44.71876687,,11112.30896,6119.695805,414.03455,,37.86476213,299.0712671,,67.20461173,,2074.442165,422.6686557,519.2003434,,,,,,6118.857205,4572.953846,9976.693715,1037.274762,,,2253.702842,54.32002415,,,65.96282029,1073.262954,946.2463542
1982,,1096.873229,406.0548474,,,60.31531506,,1208.666307,,,6391.290025,4730.570071,,,5205.337479,25.83039508,,,4904.070015,,17.56747054,,,265.0341526,,627.2880696,1055.950833,,2635.090869,4397.890565,,,,,221.1236704,12981.07867,,,,,887.3534549,299.1979219,659.3522186,,130.3518443,104.5162146,933.677954,186.5375986,,1006.808938,4950.000333,1536.788964,4675.599957,4678.954475,,,328.1271373,403.7150345,458.0878896,255.4220723,,,,,19.678203,,,8533.161741,4618.466043,,863.9535036,,,5822.027359,370.5631232,1919.773669,2270.490881,,,,194.9699408,,,,48.55989457,221.1914162,2361.477823,2833.487537,14038.31352,158.0999104,61.43010806,612.908246,899.4303677,2794.193585,,3173.902258,3132.771223,769.0045509,4696.620486,496.9701982,,106.2226754,,1123.687597,1027.860403,,7138.948493,,,,1149.977035,,,1055.034774,,,10992.40818,,,,728.6190492,,,1831.861503,,,294.2003242,980.950188,,,,,,262.1996588,48.48306259,32.23795912,,,17.41957481,4237.777804,,6872.405817,275.5328826,,81.89591854,,,19357.74561,899.1474377,159.2921531,,836.6457594,,261.5195503,547.7462653,338.4405065,2900.127106,1644.711122,,10017.09796,2927.244979,,,,,,2655.327176,95.94332339,,,,2814.319171,,4439.280022,,,,3750.226199,,2658.241671,109.8624126,,,,,46.07339936,,11440.23919,6189.342434,520.8427287,,35.84588844,320.5098272,,74.08372833,,2407.099873,409.7601242,543.3520192,,,,,,7117.064988,4480.335413,9544.460943,1037.966696,,,2076.157231,56.71106851,,,76.68348045,1056.518303,936.890451
1983,,1070.690164,417.498445,,,63.26729105,,1259.1737,,,6366.126619,4827.484062,,,5589.551373,29.45120176,,,5043.975356,,36.63412583,,,254.1797226,,625.4203769,1111.752128,,3079.084856,4582.125337,,,,,213.609822,13457.06579,,,,,906.4524906,317.0202578,664.0620769,,138.0446616,99.46182392,918.6199875,177.9127694,,1051.265446,4961.662885,1655.435924,4812.155458,4739.654345,,,366.1490523,408.5989439,503.4637906,275.9662722,,,,,20.44953639,,,9124.164631,4710.625508,,922.1221308,,,5965.458193,163.7086236,2001.221084,2424.586612,,,,167.7702834,,,,49.57348625,231.4375547,2624.83396,2950.662723,14642.77124,165.687486,66.09739787,681.9696854,1037.821073,2852.788697,,3313.276492,3134.392335,741.2833181,4960.933766,622.8913313,,105.5786259,,1134.427655,1140.705094,,7291.841052,,,,1249.393609,,,1030.240776,,,11137.1854,,,,768.1810035,,,1860.681826,,,301.4901801,999.8996139,,,,,,280.4827113,37.86246071,32.66487266,,,18.57071689,4300.250503,,7299.409246,291.5730323,,81.73535324,,,20497.37043,1044.753201,171.024397,,903.9239158,,266.6831962,512.4796559,362.7775667,3044.749661,1740.031623,,9521.315461,2974.892642,,,,,,2733.582608,105.4261285,,,,3045.809103,,4520.842715,,,,3789.537235,,2792.159863,115.1694877,,,,,43.27144544,,12609.02676,6330.493382,600.4720668,,34.01402843,349.045851,,67.06369697,,2552.564822,448.4433567,555.4083625,,,,,,7677.097893,4549.175288,9742.005714,1039.005246,,,2230.353411,56.06346687,,,78.13407266,1034.879193,882.2802201
1984,,1018.100288,441.2877939,,,52.21142423,,1300.799644,,,6699.562532,5070.995793,,,15306.03475,32.42606662,,,5285.543762,,32.47675687,,,252.5551595,,640.8522462,1208.624321,,3290.936175,4772.2946,,,,,204.6559275,14343.39203,,,,,966.871127,336.4116413,720.3584712,,141.3477411,149.2242094,989.7820115,131.8977846,,1116.366811,4574.174016,1684.071124,4959.820286,4979.635611,,,444.5838474,411.7165879,521.6741387,286.1814789,,,,,21.38448108,,,9808.466257,4944.667037,,977.5001087,,,6239.971816,92.78023096,2014.820886,2561.692581,,,,172.2325418,,,,49.88145487,238.2751765,2786.453991,3103.834377,15239.38358,183.3018726,71.44478005,716.9782035,1216.953373,2962.272638,,3359.461409,3304.327409,593.5744804,5184.888933,704.2650594,,107.1219655,,1145.715002,1250.236475,,7736.585661,,,,1306.644974,,,1011.285886,,,11737.76906,,,,816.2030524,,,1920.790821,,,301.3175976,1038.429965,,,,,,282.9660055,29.51856409,35.25634166,,,20.02734278,4412.165074,,7512.627436,293.9904078,,62.06356377,,,21939.81352,1240.330662,183.6489115,,858.3967839,,292.3328159,548.0920919,341.6242894,3159.8086,1774.268544,,9561.288357,3079.960921,,,,,,3052.379958,109.9176987,,,,3255.59316,,4624.05919,,,,4034.974004,,2903.337939,118.2557317,,,,,57.69014079,,13692.98413,6601.038674,589.5240565,,34.64911645,380.781882,,76.41253344,,2602.430667,461.0897696,613.6655627,,,,,,7905.895882,4597.739693,10282.37464,1041.358231,,,2355.554873,64.96101272,,,84.22803917,993.8014247,830.2725137
1985,,796.3539738,466.4868184,,,60.63041376,,1288.874782,,,7007.61518,5280.77716,,,15926.45222,33.50440559,,,5502.668409,,33.42292078,,,245.005227,,663.8107223,1283.054374,,3265.775299,4678.285823,,,,,223.7159568,14857.25859,,,,,988.1509991,362.8120719,755.1952687,,148.1532102,112.9331864,1007.413275,151.1363558,,1002.781664,4230.212624,1766.415371,5141.665211,5351.125048,,,476.7776637,397.5244507,497.1098322,296.3453909,,,,,19.90055087,,,10482.83161,5259.458104,,1030.095223,,,6448.539859,162.9429802,2092.337244,2666.317707,,,,180.7450348,,,,50.96829504,282.6336127,2918.331439,3194.094911,14771.85642,193.5348545,79.75999823,749.4848796,1280.808444,3114.964549,,3485.235058,3391.669627,580.6012391,5327.798665,744.8150014,,112.1391906,,1204.148615,1340.129958,,8173.925271,,,,1323.908982,,,998.5076596,,,12064.16039,,,,842.7502738,,,2110.256441,,,313.5631751,1077.431497,,,,1468.353139,,294.5449842,31.49387432,41.99900961,,,22.18490466,4517.089587,,7555.665055,286.5298054,,80.45447504,,,22559.09429,1467.547774,198.8903317,,892.6636208,,293.7808232,540.791444,350.432279,3260.426185,1873.176867,,10067.67505,3132.978627,,,,,,3070.433836,104.1517451,,,,3444.133077,,4841.364432,,,,4117.797939,,2975.08323,128.1506008,,,,,61.30090277,,14950.32685,6854.327383,618.2014741,,36.37826667,405.886178,,77.46709647,,2583.131459,506.3036234,659.7476608,,,,,,8169.590181,4826.714526,10414.2079,1071.552263,,,2336.785315,68.00037723,,,85.9783696,948.2679053,935.8502162
1986,,1420.614795,485.2744883,,,58.52650228,,1330.370627,,,7309.094541,5321.412974,,,16450.58596,37.93423037,,,5617.419822,,31.10450979,,,235.0561805,,753.4139915,1354.503466,,3217.634194,4646.260939,,,,,208.4559828,15363.39958,,,,,1028.136106,391.351625,809.3226591,,150.6654849,176.1062621,1077.131436,151.6403793,,1073.557387,3438.96975,1872.701238,5259.312138,5618.554627,,,484.9201799,417.9726518,590.2294585,301.0593451,,,,,19.89720508,,,10622.88818,5510.044971,,1032.882849,,,6530.238714,258.1118171,2165.394927,2724.231939,,,,150.1556894,,,,54.17886527,279.3480398,3196.792528,3268.312011,15350.76898,207.9764946,92.0568115,758.6846637,1330.818148,3271.472926,,3407.071412,3490.343116,607.2528551,5327.79113,777.0373684,,114.8257054,,1188.612187,1480.018501,,8549.317528,,,,1420.586935,,,1048.916824,,,12159.46573,,,,884.021304,,,2250.6657,,,347.1546929,1095.631292,,,,1556.435984,,307.2191942,37.08458048,42.01715199,,,25.69654308,4566.68477,,7875.119367,281.7063506,,90.88640879,,,22177.62158,1793.509418,214.2301005,,917.787084,,335.4414955,563.0145231,311.6471951,3384.360243,1974.536552,,10278.0711,3318.979188,,,,,,3400.060823,101.6390725,,,,3693.604934,,4941.625056,,,,4205.702104,,3004.279632,136.6944527,,,,,67.46448583,,14858.36807,6994.485345,606.4917334,,40.76912182,435.0124407,,76.71625867,,2781.014737,529.0070656,698.7037584,,,,,,8239.190254,4953.653576,10424.4273,1106.363686,,,2335.527665,71.0021868,,,97.77581153,900.3816863,871.6163184
1987,,1161.951677,455.4080367,,,56.78602334,,1413.84727,,,7525.685721,5536.144154,,,14702.50863,39.39536096,,,5876.962998,,30.8692131,,,233.5929656,,846.8221656,1368.108512,,4192.572076,4838.620325,,,,,207.6215369,15798.28727,,,,,1054.423803,426.5544932,785.1153264,,145.8353447,179.6141611,1144.946481,170.5895406,,1091.31813,3829.495035,1950.576187,5447.305282,5794.394565,,,478.7566236,451.8837767,620.3874849,319.0899248,,,,,20.33269411,,,11358.39475,5651.901378,,1010.451247,,,6666.219595,287.1158479,2129.486519,2859.129882,,,,171.1382228,,,,52.88012348,326.2726063,3845.354359,3424.657212,15268.9143,220.2207411,104.3547564,807.6566799,1312.167568,3414.634284,,3756.466011,3662.666562,642.8409952,5639.948891,853.5038681,,123.7015314,,1209.346281,1674.247249,,8635.784351,,,,1565.240858,,,1429.292714,,,12275.118,,,,924.1617238,,,2487.771601,,,388.0001776,1141.501358,,,,1559.500016,,311.2091771,42.31074875,42.25423421,,,27.97370562,4722.933873,,7901.294894,295.4212771,,89.30352924,,,22800.13518,1843.983102,228.4563007,,963.2207548,,384.6614388,587.2037998,319.6432736,3519.95969,2057.72046,,9833.044335,3275.680485,,,,,,3656.389516,103.4068409,,,,4088.599169,,5085.164393,,,,4175.116328,,3094.082265,137.2871059,,,,,67.85611553,,15746.25938,7163.214775,590.5366957,,41.18200181,483.5401613,,80.93926416,,2914.090014,552.8043034,771.160224,,,,,,8282.166183,5082.439806,10886.85826,1159.503551,,,2449.989661,77.6899026,,,100.8521278,883.9202603,878.8518519
1988,,1005.93953,481.8874507,,,55.20394288,,1452.305853,,,7800.534714,5716.834247,,,15363.35066,42.51100077,,,6057.062732,,36.1663498,,,245.7330291,,719.1265154,1419.630612,,4283.890607,4940.518487,,,,,209.743701,16389.3381,,,,,1121.522998,461.7975182,804.6186904,,145.8831201,168.0510337,1142.546816,174.9476419,,1147.389986,3939.592909,2091.044626,5504.923287,5858.057563,,,381.2956212,451.8440166,635.1026005,328.6401622,,,,,19.30415536,,,11778.27227,5738.063712,,998.3649965,,,6776.307912,303.0033178,2263.452107,3097.544352,,,,168.0999719,,,,54.30421577,337.8216575,4072.073353,3426.229844,16353.00713,240.025621,119.536425,802.1506288,1339.367248,3427.283629,,4026.114363,3825.917783,613.9588376,5904.789867,853.6620567,,117.1363163,,1282.097924,1920.523557,,8928.391528,,,,1340.944435,,,1534.433532,,,13423.48373,,,,997.15288,,,2692.003167,,,436.1416703,1176.104768,,,,1598.782609,,340.9111066,34.56652481,37.49471351,,,30.18741781,4924.155632,,8133.032832,291.3253376,,87.13951419,,,22979.99187,1979.608011,255.6376515,,870.1522576,,431.3187383,550.1700691,343.4135497,3568.534849,2201.782305,,9627.934762,3392.624976,,,,,,3756.781151,104.5631441,,,,4398.989778,,5150.462919,,,,4255.160458,,3217.948159,141.1881334,,,,,59.30814583,,15895.8306,7203.885833,628.0361302,,44.8231425,538.5166962,,81.06291936,,2621.759859,584.4931406,809.1825827,,,,,,8482.139016,5232.737649,11298.33251,1253.297401,,,2613.637087,84.68923252,,,110.4291528,933.7645716,858.1472973
1989,,1021.3935,522.142149,,,53.60209108,,1320.356572,,,8129.103625,5896.135568,,,15402.61948,50.58816086,,,6205.76377,,33.81731513,,,257.8441226,,729.6196657,1449.931382,,4298.928648,4963.178886,,,,,210.313501,16464.03951,,,,,1208.767327,487.373173,851.4827869,,169.4917027,170.0705488,1076.665352,160.7483763,,1185.265917,4253.523619,2295.462201,5576.934733,5853.960005,,,335.5298056,445.8624862,657.3437563,329.5772297,,,,,18.71530092,,,12034.75727,5860.437653,,834.6766467,,,6835.329908,306.2686846,2638.160825,3205.114863,,,,191.6875946,,,,56.68510987,331.48469,3936.723998,3484.352137,16424.62785,257.0397362,137.51258,860.3115067,1333.337413,3598.11097,,4228.419655,4007.179517,579.5801393,6236.922902,861.9345577,,120.0343997,,1323.963408,2095.194713,,9365.068519,,,,825.2519769,,,1497.133593,,,13537.5232,,,,1076.161901,,,2851.261113,,,482.2784088,1232.479271,,,,1604.849298,,335.6104396,39.66907248,40.214649,,,32.69173677,5052.627779,,8465.385548,321.0907386,,97.07071366,,,22859.30047,1986.036863,264.5798272,,831.1888853,,446.6993128,547.4180785,360.8837123,3537.923881,2399.30035,,9517.208517,3412.004547,,,,,,3859.495323,100.6364468,,,,4639.187745,,5266.168582,,,,4271.327204,,3442.948711,138.36641,,,,,55.19430526,,15680.86242,7369.28667,677.0446517,,47.14944917,614.9482908,,86.17486103,,2519.670497,603.5822888,874.746641,,,,,,8232.691905,5295.224527,11531.93231,1206.373772,,,2496.860272,91.64505718,,,108.3189586,779.9028286,883.7040367
1990,,552.2521848,531.5838983,,,53.1717991,,1303.977899,2722.593114,,8527.228085,6111.47652,2575.639056,,15621.12471,49.78096955,,4380.900972,6380.31322,,34.95031431,,,266.1386817,2937.655696,769.376634,1460.760349,,4325.122429,4758.731903,,,,,199.0647269,16167.37456,,,,,1237.624601,510.6198549,871.5939841,,130.8793768,173.9693483,1071.989685,160.4209419,2966.277666,1212.32573,4662.998624,2430.163772,5600.407612,5944.828367,,,391.2528699,480.6990251,677.8187558,352.3666344,,,5755.894502,,22.5944506,,,12485.68365,5969.019311,,919.4428998,,3039.150354,6639.731691,323.5571905,2538.854771,3221.40532,,,,205.1907628,,,,58.82422313,367.8887043,4177.929705,3426.551101,16148.27372,272.0634837,162.523825,940.8827277,1308.907061,3767.529299,,4176.180258,4144.907442,867.8023031,6805.540041,933.8482118,5905.00367,123.5006109,,1237.418478,2373.214406,,8222.993456,2330.570231,,3396.728161,499.4570189,,,1576.861518,,4023.43207,13667.67055,,,,1157.360161,,,2823.502838,,,670.5862908,1185.040368,,4027.487145,,1489.369982,,359.1661251,42.19509348,44.10284804,,,35.17499002,5218.202041,,8972.310649,306.2226454,,87.07894818,2667.530963,,23353.91502,2186.891783,277.4322042,,833.2837572,,504.3312106,540.2911537,361.046001,3272.302311,2541.865759,,9591.037167,2924.596266,6687.727011,,,,,4017.732156,103.6364847,4628.658054,,,4983.046353,,5542.170903,5334.905446,,,4238.74572,,3536.749972,151.4506741,,,,,63.63043917,,15836.03376,7445.292017,688.80622,3358.558799,51.69846109,709.5524598,,90.87748973,,2684.429653,631.6047954,929.6988822,2282.865183,,,,4787.537049,8500.726305,5356.57521,11713.3317,1244.532659,2383.227694,,2477.656497,95.25089565,,,125.619204,761.8661303,865.3791867
1991,,418.453589,532.4903385,,,54.45386488,,1347.592128,2689.673627,,8522.159222,6347.220096,2631.137395,,14214.53233,50.41708347,,4426.034923,6655.414381,,36.70259961,,,280.5409949,2106.04902,852.7341023,1486.22457,,4473.911574,4361.144516,,,,,192.2900743,16181.58875,,,,,1313.943016,548.9537531,871.1924358,,125.4865039,184.947808,1121.769097,148.433877,2608.859587,1048.855197,4771.369016,2481.088563,5256.302082,6217.335513,,,401.3529363,508.9532322,694.319776,370.8211489,,,5617.063576,,21.93107599,,,12470.73043,6359.774281,,906.9639459,,2696.705887,6564.797195,336.0213507,2997.725863,3253.220687,,,,210.6097852,,,,44.99480192,351.6657837,4401.251739,3223.918869,15931.13962,290.8995776,177.9547178,994.5728287,1096.176245,3897.873231,,3981.208325,4224.740106,713.3094525,7009.029946,900.6790594,5641.834595,124.8281981,,1156.864791,2588.848076,,4967.272126,2322.340712,,3285.317445,958.3442003,,,1657.702209,,4022.532662,14087.8553,,,,1266.257007,,,3597.685828,,,728.7907866,1295.411088,,4280.255942,,1340.446915,,371.5300832,55.74716507,40.86875027,1042.408906,,37.2059391,5327.476851,,8842.379331,299.2336619,,89.59979699,2708.069324,,23808.62992,2154.434968,297.1872341,,877.8820491,,524.4160306,572.8080756,354.1576832,3088.228938,2676.643674,,8989.37731,2521.003837,6551.299816,,,,,4121.997337,102.6368913,4411.480487,,,5104.809027,,5115.12279,5087.452468,,,4128.269742,,3607.700136,157.6780754,,,,,60.50324628,,15932.92621,7538.406742,700.56333,3200.182201,54.80378594,792.0854012,,84.90827835,,2649.899968,643.2240129,965.3069013,2198.361917,,,,4643.263046,8151.137262,5451.677171,12134.17213,1344.973592,2324.980909,,2549.521885,98.78025468,,,133.3103129,736.7834914,856.1000169
1992,,453.6440739,559.7830957,,,53.48664169,,1410.377292,1962.636992,,8550.328665,6227.498049,2276.076944,,18497.9143,60.40726293,,3912.881754,6850.663773,,38.82363996,,,290.0465303,1111.327367,925.5225682,1494.061496,,4819.417873,3735.525454,,,,,188.8075674,16164.41904,,,,,1457.089193,604.6936831,778.7042501,,115.2303506,177.5134621,1405.437971,153.0546022,2227.798396,904.4942214,5162.877314,2837.832605,5077.660185,6236.258477,,,544.6562807,522.4834453,698.2652919,384.9475004,,54.48273296,4933.823237,,21.72155053,,,12514.10157,6475.787918,,885.7157391,,2125.166718,6445.874,350.9156131,3328.710125,3398.383758,,,,260.8953951,,,,40.30333795,328.5235052,4507.887251,3116.012869,16099.9322,304.4318312,194.3328091,1065.168525,1310.457457,4104.900195,,4568.416943,4310.537968,1446.537635,7034.613496,997.8198303,5354.491838,124.7330913,,1024.482309,2826.188795,,,2328.254418,,2638.90897,1095.856745,,,1752.999698,,3166.929451,12927.90208,,,,1419.170036,,,3726.694558,,,780.1254287,1317.632135,,3691.138781,,1223.983116,,402.1172549,54.10690612,44.21994183,1005.301399,,37.01415164,5441.655472,,8636.633916,301.9810691,,90.05437307,2966.823372,,23787.32181,2245.276122,333.4090473,,910.3423431,,558.1532215,471.1579985,335.2654738,2961.395739,2815.877106,,9836.59504,2319.572749,6113.679971,,,,,4397.463335,109.2602642,4274.547161,,,5236.639265,,4699.137571,4943.155465,,,3997.04111,,3690.591004,166.0951531,,,,,59.68775056,,15544.41146,7430.297509,702.3230727,2990.280407,53.44718189,893.3763685,,94.27495087,,2847.940822,677.512674,1044.360514,1998.285572,,,,4313.523961,8284.414516,5452.393333,12014.95825,1366.00069,2128.350972,,2689.310853,101.8431925,,,134.2426426,735.740705,787.2114514
1993,,536.3638251,547.9905115,,,52.00745328,,1496.904146,1195.025554,,8701.760344,6137.269463,2119.679787,,21644.50495,67.18583659,,3450.239281,6881.072143,,39.11794114,,,312.6004225,707.7824443,922.0147094,1537.592717,,5268.370959,3807.696906,,,,,190.9967981,16320.1273,,,,,1514.743308,662.6370456,872.8096263,,102.587001,160.55484,1332.918977,144.2172608,2218.254989,840.1837894,5537.113909,3004.594832,5032.403649,6306.869562,,,512.8230272,517.357806,714.4043073,437.6668912,,57.17792968,4049.853828,,23.3602923,,,13012.66943,6453.000442,,867.1771974,,1936.836961,6288.41635,336.0699681,3487.358326,3459.422977,,,,246.7668285,,,,28.549642,341.8352176,4698.695136,2995.986589,16737.13148,320.5507469,212.8517155,1113.476371,1325.871132,4185.097229,,4618.893746,4303.645312,1525.810589,7094.012976,1021.288547,4541.830801,127.1415877,,902.4804764,3091.371196,,,1914.229415,,2048.149058,1221.147916,,,1808.571916,,2494.424475,12632.24102,,,,1533.700613,,,3716.591078,,,820.1397154,1312.568942,,3216.492876,,1099.335185,,402.0997275,50.65776463,50.66448819,1076.457413,,38.45783121,5494.112372,,8909.355579,291.5408122,,100.8853363,2613.874401,,23967.11867,2445.340581,333.9320778,,958.7082348,,626.0535293,517.3843226,335.4811576,2977.7121,2803.202312,,10367.33343,2272.124228,5726.451593,,,,,4745.121092,104.415347,3479.533937,,,5499.972687,,4570.442444,4950.932498,,,4023.288233,,3638.526631,182.5401567,,,,,56.37470518,,15506.8021,7235.094076,687.2798021,2569.674692,48.73202953,1008.523243,,69.99163327,,2815.981782,699.0731625,1115.194312,2062.935747,,,,3953.280234,9099.27989,5491.989118,12261.52378,1454.805216,2018.229879,,2697.686019,112.0603802,,,136.5695776,740.6007472,737.2372229
1994,,596.4079593,550.9720181,,,50.65260775,,1576.76706,1045.47751,,8812.489499,6205.804904,1961.827037,,20477.34373,71.07650066,,3068.348489,7176.240507,,39.37545282,,,332.806869,893.9358683,963.0008249,1566.761241,,5579.470313,3825.386616,,,,,167.2589129,16388.2805,,,,,1588.695457,727.1073597,910.2888791,,101.3092821,144.3579774,1267.479156,146.4824589,2203.127069,898.4669596,5883.979811,3058.140507,5186.969442,6539.535706,,,531.1238443,549.8750402,726.9402658,473.5775548,,63.55846252,4354.830108,,23.66756759,,,13603.27636,6530.411889,,766.1349438,,1988.595713,6244.957228,336.1375185,3601.146773,3598.523798,,,,269.9869549,,,,18.67850867,304.5615755,4835.470723,3025.71071,17066.32183,341.2313613,240.0454272,1157.555525,1374.048458,4351.064203,,4934.247083,4439.319253,1696.662831,7522.571042,1052.06855,4340.735396,124.5245313,,925.8511755,3495.488731,,,1896.303515,,1973.228518,1294.604122,,,1820.438219,,2498.944532,13665.07415,,,,1785.108247,,,3735.355406,,,857.2614719,1401.131811,,2765.935842,,1077.843734,,421.3737054,44.28671891,53.98374697,954.8806336,,41.25298039,5643.106948,,8927.900552,278.7888413,,95.5612729,2708.781286,,24247.26394,2498.116057,343.6611067,,1012.251333,,700.5859719,528.2707,377.4813104,2993.177532,2870.833031,,10758.49882,2234.735085,5188.213955,,,,,4834.94716,110.0333906,3411.148213,,,5842.562023,,4582.581961,5240.160186,,,4068.478453,,3756.039201,199.6741879,,,,,57.58733737,,15290.616,7155.485684,751.4438934,2522.553043,49.66547179,1106.338894,,78.14365619,,2889.909725,751.2336199,1145.503549,1668.974426,,,,3475.137419,9414.287489,5380.264265,12455.16217,1486.65277,1924.476024,,2665.760291,129.312186,,,122.4679952,731.4757817,777.588267
1995,,663.7839954,559.9179492,,,49.26424178,,1648.895133,1050.243865,,8994.35591,6344.393087,1951.984385,,20553.59528,78.23222607,,2789.974495,7379.737079,,41.82500621,,,351.5981579,959.2457659,935.9000363,1634.398037,,6384.754673,4211.125131,,,,13.51333851,160.0736707,16532.38204,,,,,1745.374722,770.2802412,920.4743646,,108.8843208,151.4291402,1281.330259,176.3409837,2314.703584,919.3394863,6090.713041,2784.717489,5470.670661,6424.537292,,,501.7107146,552.1507954,745.3392155,505.454287,,67.14387208,4244.644078,,24.08501991,,,13591.39667,6621.941971,,771.466967,,1492.360429,6327.709754,349.5345055,3659.556671,3708.997588,,,,299.121611,,,,30.21497958,353.8264226,4849.823752,3066.522154,17396.4736,358.7622121,263.6209667,1184.079518,1419.748877,4525.275566,,5127.86294,4597.892598,2051.141586,7695.716643,1108.776221,4041.129956,125.6829011,,905.943149,3881.024437,,13147.75942,2074.37944,,1997.138093,1342.54247,,,1770.530945,,2538.644546,14920.77088,,,,2004.577694,,,3921.371208,,,945.2477912,1419.903291,,2607.113691,,1090.939156,,431.1288515,46.17882793,57.17331747,953.3960126,,43.8448687,5719.061109,,9106.822018,291.0460354,,91.48821054,2797.425642,,24528.44386,2581.345266,355.1876131,,1062.902512,,783.3625681,540.5125115,398.8158447,3060.888875,3076.846048,,10739.28506,2328.794358,5101.553396,,,,,4929.988201,109.3189956,3789.986489,,,6069.219346,,4925.961381,5312.904549,,,4157.568446,,3917.324643,215.7550286,,,,,56.48534097,,15475.01348,7283.380159,832.3869268,2405.109622,57.67453249,1247.711472,,100.7976024,,3103.173338,760.6243585,1227.326887,1562.32139,,,,3348.895808,9402.962208,5575.808489,12659.60763,1578.336379,1844.195743,,2651.578919,153.1027823,,,128.0064157,710.4846895,822.9984557
1996,,904.3466403,570.5176293,,,51.10855923,,1728.121026,1219.927524,,9108.29556,6607.222977,1852.891923,,20597.37396,81.93799891,,2806.496063,7527.688545,,44.46808053,,,369.8291883,1126.334035,962.2988842,1687.085177,,6828.134541,4350.443259,,,,20.03110831,165.6310195,16607.20634,,,,,1926.529594,821.0808591,911.0920112,,104.847733,154.3536709,1249.875425,161.6078742,2405.039875,974.4688254,6301.860484,2816.504718,5729.386255,6646.685948,,,639.5261622,612.1416293,803.4385409,516.1743414,,76.94184835,4556.391169,,24.50600363,,,13721.92376,6905.164753,,849.0909336,,1150.78949,6403.333726,361.8039483,3693.348521,3832.66722,,,,261.9355787,,,,33.85187131,401.3747511,4915.701966,3162.374877,17358.58037,359.8162725,297.2017761,1278.579377,1376.456696,4787.890617,,5340.302178,4658.700157,2104.636179,7835.41274,1154.060531,3636.627647,127.8443577,,825.6065837,4280.71094,,13936.68897,1965.690087,,1992.900926,1800.499354,,,1787.667655,,2735.441037,14629.73022,,,,2187.87928,,,3790.42129,,,1021.167623,1444.361455,,2464.023057,,1085.657749,,433.8018045,45.8633915,57.63493492,1034.641555,,46.17400393,5905.992197,,9072.883173,311.0778732,,85.90497516,2920.918066,,23998.84419,2620.879224,355.4868661,,1084.651061,,794.0450509,581.2839261,428.5469254,3159.041817,3195.864047,,11832.79078,2430.301529,5016.444066,,,,,4967.5197,110.065668,4132.561211,,,6312.685523,,5150.407724,5365.50828,,,4705.947971,,4008.939416,204.4939895,,,,,56.97595748,,15434.23039,7393.539173,893.1729137,2327.153283,61.29180661,1380.055601,,104.1665469,,3253.153555,770.8792383,1328.351403,1438.885502,,,,3060.335541,9512.722094,5815.828404,12854.29891,1636.087666,1827.771798,,2672.962367,179.8373348,,,123.4059207,685.5656366,867.3262101
1997,,694.6648028,575.6988901,,,69.32691034,,1848.001997,1509.053844,,9291.083869,6620.447862,1813.670143,,21104.96848,83.74627802,,2953.049323,7701.612131,,47.91743047,,,388.2855191,1384.610031,1028.936819,1762.410693,,7622.821021,3970.131139,,,,24.25079213,175.3988599,16653.67705,,,,,2069.359174,852.7406865,917.7494644,,95.39742233,129.0421584,1359.79278,172.0347615,2609.968864,1040.243748,6280.791529,2866.953175,5660.060028,6607.201412,,,643.2135344,654.7321614,842.149612,555.8374769,,84.27558755,4811.598138,,23.93840544,,,14454.93873,6833.136298,,856.8890197,,1331.520883,6427.798768,386.7890894,3672.470076,3989.116107,,,,242.7615981,,,,42.08834917,414.0133341,4968.486586,3188.381968,18957.83541,375.4850522,331.2980202,1328.96581,1360.101651,4976.632824,,5488.519534,4791.285246,2159.125916,7991.00407,1159.936566,3173.793049,125.409395,,736.9958908,4651.628883,,13906.68999,1802.870284,,2056.435022,2119.765232,,,1802.850211,,2727.727637,15134.10418,,,,2471.896846,,,3827.153721,,,1108.610762,1528.183794,,2319.177087,,1057.91156,,451.1689264,54.46057411,64.47209403,990.5584818,,46.49149704,6066.243238,,9090.524423,349.8588654,,82.00415692,2995.102016,,24326.03424,2784.739008,357.5379102,,1173.476557,,830.915748,597.5180471,462.2701815,3206.237778,3352.465833,,12061.92173,2250.999801,4935.619905,,,,,5128.060587,117.5133561,4291.317805,,,6829.225629,,5068.08939,5434.662198,,,4818.49812,,4324.420646,229.8209616,,,,,53.47463754,,15410.69913,7341.612373,914.1819518,2046.340726,55.81406025,1410.120292,,105.6632139,,3640.915412,810.3140321,1439.975189,1171.495776,,,,2958.556842,9925.648415,5831.957547,12889.83228,1732.023226,1815.819496,,2700.266835,202.8957331,,,137.0208745,638.2839726,901.3800623
1998,,734.8499135,618.4927682,,,73.30919599,,1967.254444,1308.591055,,9783.442895,6706.708677,1936.939214,,21251.42578,88.81439507,,3016.287615,7913.05858,,44.8204208,,,405.1002617,1774.6122,1096.56916,1808.343186,,7755.119946,3932.401784,,,,26.63676453,172.4422716,16435.78699,,,,,2176.964965,870.6172223,894.2687274,,93.40029169,110.7856055,1313.393379,186.985861,2631.430882,1045.413714,6769.477823,3097.82525,5604.80954,6504.256329,,,1101.233367,686.5626933,885.3136231,570.5646917,,73.87492567,4733.954908,,23.80505808,,,14846.42082,7015.501604,,918.7555179,,1517.812559,6479.490249,270.3577831,3739.940562,4175.734566,,,,317.1221998,,,,36.94334212,443.2186581,5325.733148,3215.679628,21321.16024,385.8639877,331.1125779,1380.216757,1318.602368,5201.610905,,5819.460727,4955.721944,2237.74787,8003.955696,1222.902624,2948.783449,126.0475533,,637.5363833,4436.174407,,14573.60226,1684.000839,,2129.858727,2555.556759,,,2097.0678,,2825.884653,15460.32494,,,,2525.339081,,,3921.751837,,,1205.596934,1643.046479,,2314.660985,,1068.488545,,479.8572545,49.06640314,64.87438836,1086.254121,,49.18057742,6257.890883,,9125.032765,341.502861,,76.96886648,3071.483561,,25424.10364,3064.128207,337.6439365,,1180.847133,,837.927742,630.6789655,478.4791261,3206.591771,3545.010352,,13771.79719,2107.445463,4848.027353,,,,,5471.482418,122.1681226,4302.99911,,,6965.754086,,4682.297576,5574.706466,,,4606.904496,,4479.047315,249.1839441,,,,,52.0458537,,15522.1335,7481.433547,958.2943553,2086.144114,60.83160246,1359.078672,,106.4232589,,3765.569333,852.0632855,1520.096079,1554.102784,,,,2839.453978,11232.34848,5908.87149,13154.76303,1807.324282,1779.884412,,2670.151753,232.962102,,,133.8576598,582.5788255,876.3034738
1999,,1414.703784,652.8013246,,,71.91084769,,2033.771811,1307.533582,,10036.45778,6972.189816,2022.485985,,20638.10501,97.16458112,,3005.364257,7944.129807,,51.92000478,,,418.1872835,1834.451137,1073.736977,1832.378296,,7375.616934,3613.367267,,,,30.20243709,177.4017323,16678.9326,,,,,2392.961722,913.963448,827.7292398,,95.16630726,69.1145732,1435.362367,175.829544,2778.887634,1080.501269,7000.028689,3178.027873,5493.85153,6508.513381,,,1280.790787,634.7795371,941.8565261,588.723809,,78.66255774,4460.368108,,23.00172048,,,15075.86719,7149.296925,,903.2135387,,1563.795947,6505.132999,354.607309,3799.665891,4316.32629,,,,365.5708147,,,,39.18713383,444.729224,5268.145009,3321.406628,24522.22755,392.0396922,357.021018,1466.847364,1278.831601,5433.864939,,5974.367347,5079.492406,2263.857104,8147.38887,1250.257862,2838.34344,116.5641443,,692.7836909,4878.833384,,14399.71388,1795.306173,,2072.803727,2524.170399,,,2176.679506,,2702.428156,14990.41756,,,,2648.127217,,,4197.864688,,,1226.955237,1689.185862,,2169.138164,,1042.409704,,453.3392813,69.24072041,68.10148668,1156.555031,,54.95542231,6349.319584,,9138.744752,328.7891902,,75.76719123,2856.163375,,25057.1896,3082.614604,347.8963524,,1219.374286,,856.5377815,642.1432568,467.4427341,3171.757384,3795.22928,,14002.02283,1935.560812,4998.825661,,,,,5612.708829,118.3021097,3979.363962,,,7187.671378,,5028.706343,5675.615026,,,4470.963333,,4820.675034,263.0298076,,,,,77.10357944,,15470.86807,7646.706162,1013.052029,2187.702881,56.42208295,1358.345764,,113.1693097,,3812.702097,931.9101255,1556.334101,1411.511296,,,,2792.104521,12219.0103,6007.484416,13281.86998,1915.349763,1745.953072,,2602.249948,253.3027061,,,132.3196197,585.6677949,926.859549
2000,,1449.647413,683.2948723,,,75.26467824,,2088.80814,1297.567005,,10193.91218,7076.269483,2040.47909,,20014.71537,104.6077431,,2996.309475,8247.677113,,58.11285283,,,415.8814691,2030.296632,1155.577625,1897.353137,,7545.810634,3673.606871,,,,32.74308304,175.2616759,17037.07228,,,,,2499.290689,992.9433847,845.5975169,,96.56979585,95.60623788,1506.92565,173.9931793,2828.815062,1137.921148,7291.199761,3373.299834,5703.816739,6482.488628,,,1327.774027,634.8806805,976.9646224,614.9863042,,75.030012,4540.492561,,22.75582424,,,15305.40981,7224.526985,,880.0351688,,1574.391404,6635.421406,326.1604319,3893.554719,4586.32987,,,,332.1897665,,,,35.79949729,488.4014913,5446.661665,3309.283711,26201.52558,393.6462474,390.4236557,1546.506159,1240.978594,5796.055581,,6323.103832,5299.856479,2276.339219,8299.409506,1289.606447,3169.523341,104.3968793,,712.3706473,5906.959333,1557.058824,14066.14663,1696.064021,,2082.321387,2513.54619,,,2221.769722,,2516.905098,15668.11827,,,,2747.059326,,,4311.858637,,,1363.24611,1800.467938,,2039.13902,,1053.633534,,490.0381087,125.6215656,75.25733095,1052.062025,,58.81097409,6507.105925,,9384.348187,344.8206479,32.7404257,74.49062162,2895.589239,,24993.7263,3201.978154,362.4048287,,1266.529564,,884.0545379,666.1767689,499.3476554,3256.180455,3988.960824,,14348.45426,1987.66019,5198.405704,,,,,5664.967547,102.5747382,4198.715706,,,7575.435954,,4955.907896,5777.995651,,,4579.953241,,5167.809673,294.8193435,,,,,79.55999291,2265.662159,15681.61527,7845.634548,1064.90536,2161.560957,59.10592438,1448.072664,,95.23999056,,3993.203662,976.4790103,1652.746353,1692.155656,,,,2778.400252,12314.05122,6114.529259,13671.05202,2031.185612,1780.457924,,2667.609551,286.6209725,,,142.7416694,597.5454553,897.8681691
2001,,1351.230796,709.0914606,,,82.61657065,,2120.579943,1269.22231,,10636.37769,7333.231953,2106.470066,,20130.60089,115.1445112,,3009.402482,8267.187216,,61.46904228,,,416.6552548,2068.426356,1225.310179,1747.939601,,7181.634778,3859.090025,,,,36.51633223,165.1713771,16840.19375,,,,,2628.686708,1076.549121,865.909134,,95.542825,104.7256111,1485.842848,182.2224685,2993.272463,1157.849132,7222.174867,3455.256614,5892.172595,6490.092993,,,1288.232818,646.8614328,1028.770669,626.6232901,,81.693773,4680.447946,,26.57006061,,,15709.88325,7342.256675,,899.8388716,,1583.559873,6762.653396,332.0354258,3860.515157,4719.147217,,,,359.5987555,,,,35.19646539,495.4152246,5549.945638,3426.722902,26950.39443,393.8102014,411.4679048,1643.979832,1240.696327,5896.939225,,6400.217425,5406.491722,2277.636911,8162.014644,1324.047368,3512.035501,113.8862569,,735.1841397,6309.203405,1968.075789,14513.50794,1445.875715,,2213.360603,2480.580686,,,2255.638545,,2695.906268,15616.32977,,,,2758.347959,,,4292.315051,,,1453.664547,1834.151423,,2246.292058,,1071.256759,,524.9202354,277.3587457,68.37462774,1090.108309,,64.48404997,6599.26537,,9417.343126,343.6101533,30.80493202,75.56977626,2800.999784,,25590.68943,3435.786736,366.848789,,1289.143618,,870.4151687,691.8841305,518.8340579,3260.033263,4119.670488,,15051.73883,2066.783933,5274.363305,,,,,5947.277702,124.5503235,4434.370241,,,7516.1696,,5027.452807,6006.34519,,,4302.11804,,5422.51569,290.824795,,,,,66.78325851,2358.500464,16020.98031,7992.277576,1144.182161,2143.225787,62.90377067,1504.756214,,98.96165325,,4101.81562,1035.338006,1612.99863,1782.833485,,,,2791.765305,12133.63898,6141.982551,13046.61415,2001.219075,1769.396081,,2732.399185,326.5318801,,,147.3906141,618.675701,872.0291005
2002,,1578.165919,730.8089889,,,86.01884412,,2014.476557,1236.330652,,10813.12273,7427.656445,1996.708252,,20016.43211,122.9863783,,3000.745625,8311.892679,,68.26224876,,,429.9531021,2092.096398,1274.754465,1806.669714,,7373.508429,3853.819004,,,,50.32550553,155.0349495,16960.63967,,,,,2727.868165,1194.856295,873.264416,,89.73030899,115.3943633,1558.428891,176.6528225,3191.409738,1185.126215,7282.999884,3703.309436,5894.233119,6533.752014,,,1390.376477,688.4790274,1078.952978,667.2105433,,87.05963343,4767.462935,,26.23246575,,,16140.06697,7299.24846,,926.0157648,,1653.380721,6900.780527,305.9806096,3893.83839,4909.639698,,,,364.8481937,,,,30.61405162,516.6493127,5647.899646,3545.170756,27896.89868,410.6447832,417.4959579,1745.26798,1264.924694,6035.686646,,6502.739726,5539.703837,2345.474767,8266.099102,1401.596914,3558.327279,113.1200973,,713.3843282,6673.937704,1953.815697,15143.68059,1365.94065,,2307.186518,2535.743705,,,2772.148486,,2848.913483,15980.2768,,,,2820.55094,,,4500.3523,,,1473.492493,1843.963674,,2330.867781,,1096.890194,,536.0082958,265.7726927,73.03650813,1127.180165,,67.54125992,6641.740762,,9526.655692,352.3442098,30.43482505,104.6610474,2755.587312,,24620.33613,3521.841585,372.1906497,,1324.15086,,881.0617282,727.1695978,522.2990874,3208.392157,4271.168528,,15878.46483,2079.796062,5304.41526,,,,,6049.351367,147.3205313,4480.344352,,,7756.318921,,5051.59839,6380.951903,,,4528.816147,,5576.546265,303.1084829,,,,,78.14030124,2544.43956,15709.42967,8031.432226,1233.564762,2140.545308,68.28964136,1617.566362,,96.20877767,,4083.892037,1066.126269,1667.363391,1776.353822,,,,2844.812724,12502.66976,6142.749834,13296.1823,1998.773316,1775.809844,,2758.560737,377.5583969,,,155.2834517,644.1117865,878.3457654
2003,,1469.264539,786.4144723,,,95.85310338,,2180.326817,1320.44062,,10434.87439,7695.080037,2235.459856,,19775.06331,129.3923331,,3063.056939,8411.900657,,64.6228902,,,437.2420157,2233.5496,1362.432383,1882.264008,,8550.976102,3997.902596,,,,51.49281321,167.1342517,17208.52352,,,,,2897.79233,1379.484632,876.4128864,,90.20802488,114.7663492,1643.590992,174.3788641,3257.889868,1193.408283,7521.02019,3918.221592,6074.849142,6602.63638,,,1365.261832,715.7988397,1146.635663,693.6847825,,89.58186033,5158.602778,,28.62662162,,,16445.57256,7529.550299,,936.3969778,,1749.863857,7009.726492,217.9245706,3993.242205,5091.292424,,,,453.8742172,,,,28.76370883,540.2234265,5713.882451,3637.278332,27666.38689,430.4831641,428.8558292,1888.688359,1040.106106,6092.548994,,6597.306307,5652.519542,2408.618469,8164.933682,1442.207717,3768.792821,118.6892999,,750.9421501,6977.317662,1908.461924,16387.66373,1644.359844,,2493.930169,2499.786367,,,2947.755797,,3087.655148,16258.88449,,,,2914.673774,,,4872.272205,,,1561.765991,2001.018228,,2616.527468,,1139.437499,,581.6427986,374.4742927,79.93951762,1169.698321,,70.53183797,6695.715124,,9407.032181,367.3387479,29.80712183,101.9252137,3108.950603,,23201.39413,3549.62731,395.3926863,,1359.59325,,835.7916223,752.8434114,555.435343,3324.471392,4375.732217,,16390.72556,2237.937816,5478.130458,,,,,6501.326177,127.496486,4332.679062,,,8113.587306,,5021.798222,6578.034236,,,4559.77453,,5676.140491,326.2582152,,,,,82.5511594,2477.773816,15360.17889,8195.120835,1294.213209,2138.637848,68.13844609,1713.620908,,102.989529,,4771.888164,993.5369322,1771.827199,1746.230408,,,,2997.974461,12366.06705,6174.550896,13307.49201,1885.567391,1764.456256,,2664.722994,433.1990598,,,165.6570977,663.4245803,879.636368
2004,,1797.525487,804.1070883,,,87.535308,,2293.309369,1440.32099,,10554.81582,7808.157792,2281.947872,,18983.08598,165.3083424,,3174.053092,8576.223497,,70.32254435,,,447.1256547,2321.878203,1480.011351,1956.159359,,8596.873409,3971.822736,,,,55.71512855,192.3598158,17264.73674,,,,,3064.445137,1585.838782,912.1837359,,88.18727661,105.3990522,1679.465014,173.3953446,3429.354644,1175.339645,7571.241207,3946.920452,6230.398228,6615.569959,,,1128.537879,823.8217385,1190.272786,690.0962964,,86.40331671,5429.525522,,30.77876125,,,16777.56585,7661.49118,,915.943699,,1814.45966,7108.962524,216.901558,4008.746356,5200.024354,,,,486.9064354,,,,28.2964321,538.9297446,5782.560625,3680.168467,28215.45225,451.6115501,474.3743616,2009.520316,1202.257155,6168.398988,,6525.921574,5687.997573,2380.170384,8393.257723,1551.903465,3859.192559,125.8584507,,779.5141655,7390.794147,2111.318521,16686.26834,1417.908986,,2607.45996,2407.767534,,,3106.220953,,3196.849344,16300.11242,,,,2984.361024,,,4797.292583,,,1614.246648,1927.073923,,2440.981408,,1196.126729,,612.2818852,448.9076948,80.51151125,1453.548561,,74.43150382,6882.970221,,9666.299694,392.5490244,33.52147004,123.6324847,3143.339387,,24214.10698,3829.456103,412.9902986,,1424.133683,,824.3538272,792.6379658,575.2530777,3416.118632,4533.539695,,16349.98553,2295.570505,5633.8455,,,,,6352.397876,140.3319475,4258.251568,,,8314.325321,,5097.835556,6830.705073,,,4589.905059,,5892.307411,354.3583733,,,,,83.20592908,2592.772646,15420.97314,8205.829119,1397.534472,2160.186083,79.8025306,1827.239844,,107.3564597,,4698.776783,1034.595232,1891.84063,1913.721581,,,,3151.145969,11958.99296,6138.754137,13388.58971,1930.467057,1765.480285,,2796.712523,483.9590025,,,173.3870526,685.1567212,855.7466976
2005,,1722.07285,890.6258164,,,109.29523,,2408.432525,1521.499737,,10458.45019,7977.681597,2388.388734,,21325.64971,176.0773264,,3245.372088,8509.997073,,73.78894982,,,476.5873228,2389.696948,1464.63911,2015.799924,,8463.110152,4165.180392,,,,66.75027276,186.4277654,16948.27522,,,,,3095.647512,1782.312153,909.2160143,,89.45731897,117.3133855,1721.151921,171.6743903,3582.246073,1155.077502,7613.070072,4099.596949,6357.421095,6659.000427,,,1234.657875,794.5263679,1261.963666,755.4373895,,85.61343975,5531.545829,,33.53141712,,,16117.89033,7652.864304,,916.1849025,,1916.479029,7138.221485,242.7727212,4244.558837,5297.200025,,,,486.1645073,,,,37.30171366,573.4024133,5878.441848,3771.364614,27988.02968,468.0257528,500.6507815,2079.560196,836.5189224,6241.715574,,6572.199535,5731.101557,2397.077667,8539.010589,1578.317046,4012.073919,128.16419,,807.0141076,7796.314674,2169.095663,17076.48408,1374.307519,,2777.38198,2384.883,,,3427.888113,,3187.03108,15644.14672,,,,2873.734689,,,4912.90976,,,1683.690833,1996.392573,,2549.071002,,1251.967207,6314.905228,634.4654101,451.0117022,74.8520059,1521.420612,,77.06500418,6912.372085,,9673.673771,412.4154898,36.69868333,129.3270294,3374.310104,,25083.21453,3923.940697,444.5865134,,1455.160429,,859.5325352,829.6088318,576.3021097,3437.323998,4682.991013,,15457.30608,2365.419564,5770.100636,,,,,6615.039866,160.2327694,3921.906459,,,8678.168168,,4932.803281,6917.860467,,,4636.9301,,6111.219223,400.1025736,,,,,98.28909764,2764.980649,15430.96395,8305.371102,1497.888806,2149.552216,79.60922042,1914.801243,,109.4154294,,5143.840889,1083.531031,2013.888274,2051.677454,,,,3246.034284,12279.91217,6270.984059,13704.57705,2001.924858,1717.201055,,2886.490229,569.9568573,,,183.6636436,692.7149881,891.8827902
2006,,1218.360146,862.4297219,,,144.7153512,,2374.097471,1639.789244,,10490.48454,8244.401952,2552.286214,,21508.36065,196.9398962,,3365.981865,8683.671285,,75.08917296,,,506.9477277,2384.592014,1494.083582,2072.362647,,8431.844392,4366.912765,,,,80.72588598,245.6694517,16508.33955,,,,,3222.415061,2039.01466,961.0447708,,101.7709398,125.7629553,1822.842115,181.7123574,3744.468715,1227.217445,7243.041936,4238.135182,6528.53015,6824.745939,,,1330.232964,862.4844446,1333.291481,817.021551,,79.50092608,5869.424789,,37.48286102,,,17215.03729,7540.295298,,945.3540603,,1769.171675,7212.437448,293.2206029,4369.033725,5434.576469,,,,540.4390869,,,,37.66806834,583.943671,5882.807601,3882.490664,31328.3868,509.2140548,516.0339127,2221.196699,981.8521659,6351.099111,,6711.229567,5833.467297,2371.83539,8542.478139,1678.867203,4261.212572,135.8600631,,785.246593,8039.796283,2225.018842,17765.72332,1377.433696,,2966.609973,2296.967931,,,3792.336575,,3353.304327,16456.60412,,,,3065.572077,,,4897.510042,,,1743.117482,2020.952871,,2696.438833,,1298.627199,6451.770253,688.174587,459.0108875,88.33483263,1606.540196,,83.82344473,7025.834479,,9700.090809,424.7552896,34.8558407,111.752414,3450.095995,,24099.93226,4212.715799,466.2283576,,1478.034689,,916.0846505,882.8179689,567.7409518,3584.962188,4827.467182,,15513.66906,2446.286077,6098.533476,,,,,6842.757725,159.5464103,4040.44002,,,8720.022084,,5153.121484,7123.537771,,,4721.933482,,6105.075849,403.0773399,,,,,109.7852136,2762.758959,15262.58727,8360.576135,1537.887781,2137.784617,65.36251301,2005.256263,,108.4527181,,5309.540206,1107.61327,2179.071426,2115.544575,,,,3399.519695,11693.38969,6200.554113,13583.26696,2224.694105,1755.759629,,2999.307938,645.2090193,,,193.8838281,704.5623803,871.9516143
2007,,1213.124369,894.2846911,,,133.2672387,,2455.656576,1773.159682,,10972.89174,8207.474739,2118.210528,,20592.34361,206.1048823,,3393.908536,8614.679503,,79.718096,,,538.6862855,2382.543148,1535.090876,2167.606584,,8614.137319,4523.322878,,,,100.5850747,253.7601943,16683.13366,,,,,3339.464537,2325.926769,988.5793229,,105.2457208,125.3831474,1885.516779,187.1032109,3846.674077,1302.44788,7323.540845,4377.12052,6518.217413,6668.390266,,,1359.052244,952.8168216,1424.568214,882.1106454,,81.76107345,6277.411463,,39.56648029,,,17160.86312,7513.579565,,969.7298949,,1829.976908,7229.089913,241.2912833,4475.340872,5701.330854,,,,552.4961496,,,,25.48621806,634.9476303,5907.349305,3976.518977,36852.54489,541.7383947,546.1534689,2307.290906,782.0503046,6218.313404,,7003.24508,5804.325964,1926.865102,8710.025703,1784.732258,4487.28613,139.4359914,,749.1628918,8462.206543,2395.863861,17093.32078,1456.229595,,3169.077295,2396.722368,,,3792.77119,,3564.206785,16352.3218,,,,3272.896296,,,4873.083467,,,1816.671103,2047.531118,,2485.184078,,1332.783308,6564.643799,717.2774531,459.8281131,89.45723601,1606.268384,,87.63357914,7157.378577,,9640.607983,458.4928055,39.08644225,138.9094109,3621.528924,,24855.00046,4387.394351,459.5606392,,1571.948721,,978.7565974,966.7507757,581.6533711,3661.646104,4890.560188,,14833.79485,2529.906888,6286.049392,,,,,6942.537139,184.0493947,4159.137225,,,8706.579067,,5272.370783,7137.824175,,,4851.693185,,6054.374438,420.3196001,,,,,118.7863484,2768.099753,15257.93575,8163.295576,1540.326429,2073.15305,81.7818181,2080.2463,,102.3586576,,5672.356091,1151.025267,2347.638137,2254.349515,,,,3528.92445,11451.91363,6102.396768,13657.45283,2419.149822,1664.061337,,3019.163883,728.0882438,,,211.2062414,664.1628325,760.2039243
2008,,1617.744156,947.2912193,,,172.3849139,,2772.843222,1669.407742,,10749.11055,8233.014833,2040.760435,,18491.15545,207.5269247,,3481.743517,8521.49674,,86.35239989,,,527.8017054,2986.465282,1542.566214,2229.845299,,8589.403328,4674.503151,,,,114.5937066,267.1318351,16377.4797,,,,,3338.289366,2446.369055,988.4539075,,101.2064072,135.36131,1889.035149,195.6586927,3990.29632,1323.39934,7149.712092,4554.519709,6489.126257,6534.12385,,,1377.870233,1077.413402,1470.564617,855.7080801,,79.0132099,6364.56783,,40.99317824,,,16349.23333,7643.450443,,981.864159,,1881.537211,7187.764009,261.2903465,4797.520784,5805.192546,,,,540.8572883,,,,23.73898314,656.0618372,5883.037742,3988.767694,50063.95433,561.24758,570.0604564,2422.580931,769.3650186,6340.733045,,7134.002846,5757.960611,1160.368039,8270.007731,1847.63832,4689.166773,138.8722014,,803.6563505,8772.287463,2644.526129,17031.19229,1378.720364,,3213.12144,2559.425581,,,3156.427698,,3733.626495,15937.78778,,,,3286.091213,,,4836.593963,,,1881.649775,2046.694449,,2524.787619,,1423.687392,6287.187849,733.5237542,443.4250188,94.15248761,1638.939921,,83.47528382,7173.046299,,9556.317198,471.8186297,39.21078011,127.2446128,3676.269631,,24866.13431,4790.686025,422.0648294,,1626.754307,,1027.741455,1042.352411,584.5968236,3725.748778,4850.837413,,13980.9907,2605.819735,6399.683749,,,,,7203.495941,160.9369529,4291.843158,,,8401.048395,,5294.435099,6920.244039,,,4665.176133,,6025.772757,426.3914543,,,,,130.0330055,3032.166491,14869.34898,8305.923042,1558.988616,1947.036934,86.34789591,2105.440076,,104.8752182,,5711.164349,1188.926944,2422.712044,2316.559919,,,,3534.357992,11294.18814,6015.726861,13663.42797,2594.43911,1652.65101,,3125.254199,802.5540455,,,230.128193,589.5616074,627.8904021
2009,,1835.684072,866.307327,,,189.2576538,,2730.123232,1661.304418,,10791.5931,7944.796096,1620.38742,,17459.63972,226.0479417,,3298.703607,7903.955479,,87.87318714,,,546.5978457,2891.643277,1739.95571,2197.125547,,8840.705798,4483.747139,,,,127.9303718,264.9328681,15450.73069,,,,,3296.540735,2612.45662,1065.607653,,106.7918701,144.7390608,1845.051916,200.5070305,3818.422501,1334.763375,7423.399372,4577.067489,6139.35206,6219.701092,,,1325.712505,1104.950014,1537.256554,846.0970566,,83.33547014,5975.953811,,42.1545823,,,15243.11039,7338.042352,,942.6818822,,1833.044561,6817.158398,260.1057303,5035.006703,5627.883706,,,,549.9211082,,,,35.92553046,624.3578065,5950.83754,3773.153807,51259.18763,598.4982429,593.9429453,2505.854075,863.1091077,5947.909489,,6607.887143,5368.390567,1222.174254,8020.273806,1812.204965,4447.324403,139.7982758,,728.1296753,8877.574933,2558.084877,16519.05588,1323.723367,,3026.611489,2729.467906,,,3142.329683,,3622.290317,14425.96473,,,,3942.089141,,,4434.186633,,,1907.12257,1995.298277,,2166.98681,,1377.816408,5010.561319,745.7150278,443.7706352,99.36245839,1583.339901,,96.93665658,6856.281897,,9403.848836,477.4149486,42.60520946,120.6350759,3421.39515,,23859.70958,5251.746584,436.6827179,,1639.465637,,1086.47476,1048.18399,588.8924509,3590.832081,4843.849694,,13680.77585,2390.574743,6095.380276,,,,,7477.083531,192.3780981,4224.397665,,,8114.367449,,4954.138251,6104.421845,,,4428.154433,,5652.595933,425.124685,,,,,150.0127813,3026.114816,14143.01101,8021.223604,1515.28777,1911.129946,72.43376571,2101.14613,,124.1434144,,5717.184105,1274.120262,2314.690995,2353.456122,,,,3227.953261,10618.80129,5643.128595,12913.71469,2670.10899,1643.149881,,3090.969719,906.1540859,,,226.9895001,568.4389699,585.4569118
2010,,1943.343354,1016.636669,,,206.4544105,,2877.652653,1726.259758,,10726.92818,8382.711154,1603.431374,,18038.29602,247.2633825,,3563.637766,8393.949623,,95.44246988,,,596.5015987,3155.603389,1561.064966,2374.116653,,8810.073949,4560.414917,,,,144.2823793,261.4884706,15269.74548,,,,,3306.95273,2943.589954,1094.560942,,104.656082,140.158564,1887.980411,215.0202479,3922.310867,1303.15508,7471.268233,4585.605764,6348.424398,6327.506456,,,1394.825294,1137.956622,1576.039797,857.0677771,,85.7926436,6506.318181,,48.29988292,,,16484.09428,7734.726783,,957.4297782,,2049.544524,7264.322591,277.4861066,5121.333929,5333.439556,,,,556.0430604,,,,24.52428417,617.856151,5973.349278,3876.491084,51439.90869,640.3946031,635.9852761,2659.955255,1237.03953,5927.86868,,6953.276667,5493.711037,1216.171018,8594.909034,1845.338846,4728.011591,147.8443982,,742.9680169,9716.126081,2649.689133,16757.33417,1371.721214,,3229.951062,3046.197089,,,3361.751034,,3470.78503,16829.96254,,,,4145.520948,,,4767.097378,,,1995.361484,2018.827401,,2144.689107,,1488.659861,5419.51607,775.9545544,453.3058435,124.3062909,1586.219851,,102.5424152,7006.273821,,9601.903142,506.5190722,44.21761993,136.4262703,3574.082901,,24890.92401,5521.079859,442.1800682,,1745.140332,,1171.411103,1107.357069,637.9062899,3797.092296,4959.094305,,14209.24223,2550.863291,6409.894365,,,,,7974.739202,202.8687471,4358.812174,,,8679.99335,,5201.404897,6510.841884,,,4542.596473,,5706.563063,459.6841821,,,,,175.1627652,2980.386524,14934.32696,8174.408162,1823.613674,1893.21829,96.62538384,2307.804679,,124.1108439,,6189.07395,1364.989839,2491.628713,2382.05084,,,,3549.844551,10609.95641,5700.855864,13395.13993,2815.786144,1653.467496,,3195.681847,1022.432667,,,254.849361,590.548982,606.6441991
2011,,2205.70392,1123.332731,,,207.0133429,,2929.075029,1807.033316,,10627.29387,8425.167753,1705.424633,,17912.59405,265.6394213,,3628.45729,8028.798731,,91.53530927,,,629.0050851,3343.735276,1503.422146,2430.803396,,8783.605291,4863.691441,,,,165.1145146,256.3331361,15644.54028,,,,,3583.585902,3298.003913,1139.659863,,108.0216234,147.673046,1885.352441,196.9217717,3900.601361,1332.512212,7379.119677,4239.740477,6298.727678,6165.97362,,,1428.075013,1212.027146,1685.818814,880.5957845,,89.29760434,6314.414448,,52.55162898,,,15710.97376,7232.97968,,966.9750421,,2289.134849,7281.272174,315.1524891,4938.712365,5389.333122,,,,550.2869363,,,,31.28613747,663.9804798,5959.895922,3898.823143,52373.87701,696.8422411,680.2814172,2681.504897,1314.226387,5657.538159,,6930.000773,5514.803615,1204.913499,8099.598695,1846.634228,4892.735191,148.7091061,,656.010515,10129.95709,2946.957007,15900.89834,1649.258332,,3264.05332,2948.094733,,,2839.083343,,3529.918778,15586.08423,,,,4102.620663,,,4867.0568,,,2025.704166,2216.906101,,1830.176797,,1495.833397,5741.203943,825.8228257,454.3671693,154.3813504,1610.793522,,115.8222472,7060.053768,,9458.485401,528.3719115,47.38599622,150.1980242,3882.774657,,23510.38383,5854.004235,432.5828729,,1824.640771,,1274.396998,1262.698143,643.4652062,3879.542094,4848.279337,,14153.64726,2639.033434,6485.75903,,,,,8015.123983,203.7777291,4489.57085,,,8651.755275,,5347.526223,6753.073664,,,4566.287489,,5599.377374,502.1405807,,,,,190.0441478,3316.659722,14030.16315,7928.19067,1672.677364,1811.235062,87.33760602,2283.748446,,134.7798184,,6383.131589,1323.045873,2695.051593,2412.020676,,,,3662.444428,10287.05645,5471.933475,13247.01313,2822.257723,1631.526207,,3256.570144,1102.804979,,,193.803757,631.7391481,636.2493365
2012,,2118.327776,1237.966507,,,219.2534303,,3000.603523,1892.013429,,10407.74031,8548.882199,2052.650965,,17849.24416,283.4621656,,3697.397484,7988.524644,,93.1212772,,,654.4817934,3479.083887,1756.268904,2501.474053,,9240.856264,4761.912583,,,,207.2331472,247.4253751,15336.62486,,,,,3807.510276,3474.988062,1170.073931,,112.1836598,214.6247238,1942.832765,234.7870172,3819.280253,1379.218326,5062.858345,4035.078755,6304.571923,6038.552307,,,1499.358921,1277.036949,1685.468926,915.689405,,92.92024643,6689.367776,,57.21097047,,,15689.22331,7363.423796,,988.7510988,,2329.92587,7270.152523,342.2005829,5082.327766,5534.897159,,,,550.2659935,,,,46.14215491,636.6388984,6031.244318,3923.042324,53202.83366,723.2354613,733.3718268,2784.622508,1141.14103,5651.008483,,7184.501612,5397.741477,1037.60135,7998.346771,1917.59306,5180.653819,150.4394903,,652.9677574,10305.32898,2859.821173,16053.85486,1809.102582,,3587.932866,2487.436433,,,2241.259993,,3607.703798,14703.94353,,,,4338.561654,,,5002.047483,,,2075.035712,2253.514425,,1885.322323,,1588.133815,5415.717989,876.8452391,459.967096,156.0090076,1660.755683,,120.8972465,6876.589753,,9360.949162,569.3247301,49.33917259,156.7971855,3680.798813,,24070.98592,6176.907053,427.8479759,,1955.379269,,1359.025725,1238.087995,664.1214695,3899.176642,4736.351771,,14853.32461,2604.243137,6617.134161,,,,,8502.775167,215.4903701,4386.534552,,,8673.985216,,5137.789018,6718.975052,,,4365.91926,41.42916991,5573.401182,524.3084455,,,,,211.1412338,3314.568025,14289.59509,7886.094306,1363.675876,1761.052771,97.80568213,2443.615559,,144.3796672,,6612.795644,1408.868552,2768.970513,2428.861596,,,,3640.553483,10416.01488,5449.259473,12966.11593,2946.456528,1610.807906,,3304.220299,1206.302894,,,193.8040086,733.2119794,608.7625049
2013,,2533.252829,1278.915343,,,280.2145467,,2967.376558,1931.264115,,10220.8873,8509.61158,2092.536521,,18693.12388,301.961168,,3648.32146,7989.671853,,96.75560853,,,695.9531703,3474.27952,2126.508337,2568.829708,,9873.374528,4639.706323,,,,221.5444195,252.2047761,15750.81163,,,,,3879.860731,3773.405384,1310.664698,,117.0283018,213.0761249,1939.855005,233.1635013,3754.268698,1435.558092,4934.274681,3587.832841,6284.790806,6039.432,,,1551.717,1329.367153,1684.911561,958.9742853,,95.07991894,6664.658569,,64.05566616,,,15510.8355,7367.843545,,1079.759679,,2498.340357,7217.529089,375.9446252,5431.556453,5028.995794,,,,578.9026189,,,,43.84331668,643.1762793,5941.160902,3892.113701,54799.17471,764.1987416,773.9874699,2830.811973,1427.7205,5698.756179,,6710.093678,5159.183655,1013.0447,7988.58331,1854.016586,5345.46874,160.9845753,,619.0669574,10384.62216,2917.304002,15195.20323,1887.020071,,3472.541385,2765.688621,,,2320.596029,,3663.671197,14193.16843,,,,4520.363046,,,4915.873765,,,2148.328411,2144.088926,,1683.986942,,1893.960425,4574.964545,881.4293095,451.0435443,185.3721437,1692.403437,,136.6376716,6833.911435,,9089.619774,586.5611516,48.25917066,142.7292536,3550.463448,,23806.88488,6207.2272,457.8148261,,2018.544432,,1462.918008,1301.303719,682.9568125,3938.255208,4685.054787,,13913.10526,2494.533918,6539.207375,,,,,8784.621641,215.3467969,4444.222971,,,8680.606361,,5202.467288,6779.280887,,,4285.47726,42.97425909,5409.411338,525.7226136,,,,,213.850949,3630.583141,13870.38991,7807.058815,1068.561439,1692.728414,100.2428393,2514.759041,,144.3623691,,6848.637069,1425.917088,2755.511088,2540.821318,,,,3600.225704,10724.50154,5409.626422,13006.7492,3001.381645,1637.194477,,3298.731371,1276.843711,,,250.9632419,747.0603967,628.7472783
2014,,2309.366503,1362.871919,,,312.228825,,3074.702071,1961.610395,,10071.39898,8355.841952,2202.393918,,19596.95376,320.2041582,,3679.97884,7709.123078,,100.2251225,,,742.5383997,3446.766668,1815.558069,2619.960616,,10291.16405,4708.927458,,,,271.3672582,275.1979137,15588.48715,,,,,3879.675605,3927.0445,1312.199493,,108.5167011,202.8721289,1942.48817,274.7300905,3714.382988,1450.883717,4797.670436,3624.971253,6258.891037,5858.801536,,,1615.515242,1376.393115,1683.213518,937.0738768,,96.63443405,6732.367473,,69.19875316,,,15249.98938,6939.943525,,1167.852214,,2693.97276,7035.482975,351.301579,5693.106004,5062.606422,,,,601.1897311,,,,39.05580506,619.8363949,6083.269936,3965.958233,53832.47909,804.5142281,811.9069049,3022.122563,1328.230416,5672.064134,,6600.89828,5002.40668,1050.732904,7819.714636,1864.675855,5600.208465,164.3255487,,601.6900479,10496.51367,2818.337231,15590.60413,1941.221832,,3507.404521,2588.30067,,,1811.05517,,3821.14517,13914.67845,,,,4651.958734,,,4924.544019,,,2182.509156,2157.323949,,1725.616479,,2006.388881,4612.34139,904.4421548,478.9211723,215.2988954,1652.569026,,146.4678648,6712.774758,,9026.321041,568.3138108,51.19500844,144.5254622,3496.528739,,22999.9346,6445.573417,447.5010026,,2064.175797,,1552.384217,1345.879589,696.3467801,3971.799761,4662.6008,,14781.64833,2584.411787,6602.657525,,,,,9401.366769,229.3517951,4271.744667,,,8844.687593,,5137.073835,6727.999302,,,4197.907047,43.58172421,5355.987006,531.0905766,,,,,256.7562426,3596.745217,13480.14822,7520.166025,974.3171391,1499.485086,103.6833158,2538.79638,,154.6652373,,7092.932612,1454.642287,2847.126383,2678.763514,,,,3418.569242,11088.35029,5130.390253,12997.44863,3085.194419,1645.441629,,2718.942775,1423.688345,,,219.7999224,717.3491679,609.1259521
2015,,,,,,,,,,,,,,,,,,,,,,,,,,,,,,,,,,,,,,,,,,,,,,,,,,,,,,,,,,,,,,,,,,,,,,,,,,,,,,,,,,,,,,,,,,,,,,,,,,,,,,,,,,,,,,,,,,,,,,,,,,,,,,,,,,,,,,,,,,,,,,,,,,,,,,,,,,,,,,,,,,,,,,,,,,,,,,,,,,,,,,,,,,,,,,,,,,,,,,,,,,,,,,,,,,,,,,,,,
2016,,,,,,,,,,,,,,,,,,,,,,,,,,,,,,,,,,,,,,,,,,,,,,,,,,,,,,,,,,,,,,,,,,,,,,,,,,,,,,,,,,,,,,,,,,,,,,,,,,,,,,,,,,,,,,,,,,,,,,,,,,,,,,,,,,,,,,,,,,,,,,,,,,,,,,,,,,,,,,,,,,,,,,,,,,,,,,,,,,,,,,,,,,,,,,,,,,,,,,,,,,,,,,,,,,,,,,,,,
2017,,,,,,,,,,,,,,,,,,,,,,,,,,,,,,,,,,,,,,,,,,,,,,,,,,,,,,,,,,,,,,,,,,,,,,,,,,,,,,,,,,,,,,,,,,,,,,,,,,,,,,,,,,,,,,,,,,,,,,,,,,,,,,,,,,,,,,,,,,,,,,,,,,,,,,,,,,,,,,,,,,,,,,,,,,,,,,,,,,,,,,,,,,,,,,,,,,,,,,,,,,,,,,,,,,,,,,,,,
2018,,,,,,,,,,,,,,,,,,,,,,,,,,,,,,,,,,,,,,,,,,,,,,,,,,,,,,,,,,,,,,,,,,,,,,,,,,,,,,,,,,,,,,,,,,,,,,,,,,,,,,,,,,,,,,,,,,,,,,,,,,,,,,,,,,,,,,,,,,,,,,,,,,,,,,,,,,,,,,,,,,,,,,,,,,,,,,,,,,,,,,,,,,,,,,,,,,,,,,,,,,,,,,,,,,,,,,,,,
2019,,,,,,,,,,,,,,,,,,,,,,,,,,,,,,,,,,,,,,,,,,,,,,,,,,,,,,,,,,,,,,,,,,,,,,,,,,,,,,,,,,,,,,,,,,,,,,,,,,,,,,,,,,,,,,,,,,,,,,,,,,,,,,,,,,,,,,,,,,,,,,,,,,,,,,,,,,,,,,,,,,,,,,,,,,,,,,,,,,,,,,,,,,,,,,,,,,,,,,,,,,,,,,,,,,,,,,,,,
2020,,,,,,,,,,,,,,,,,,,,,,,,,,,,,,,,,,,,,,,,,,,,,,,,,,,,,,,,,,,,,,,,,,,,,,,,,,,,,,,,,,,,,,,,,,,,,,,,,,,,,,,,,,,,,,,,,,,,,,,,,,,,,,,,,,,,,,,,,,,,,,,,,,,,,,,,,,,,,,,,,,,,,,,,,,,,,,,,,,,,,,,,,,,,,,,,,,,,,,,,,,,,,,,,,,,,,,,,,
