Year,Afghanistan,Albania,Algeria,American Samoa,Andorra,Angola,Antigua and Barbuda,Argentina,Armenia,Aruba,Australia,Austria,Azerbaijan,"Bahamas, The",Bahrain,Bangladesh,Barbados,Belarus,Belgium,Belize,Benin,Bermuda,Bhutan,Bolivia,Bosnia and Herzegovina,Botswana,Brazil,British Virgin Islands,Brunei Darussalam,Bulgaria,Burkina Faso,Burundi,Cabo Verde,Cambodia,Cameroon,Canada,Cayman Islands,Central African Republic,Chad,Channel Islands,Chile,China,Colombia,Comoros,"Congo, Dem. Rep.","Congo, Rep.",Costa Rica,Cote d'Ivoire,Croatia,Cuba,Curacao,Cyprus,Czech Republic,Denmark,Djibouti,Dominica,Dominican Republic,Ecuador,"Egypt, Arab Rep.",El Salvador,Equatorial Guinea,Eritrea,Estonia,Eswatini,Ethiopia,Faroe Islands,Fiji,Finland,France,French Polynesia,Gabon,"Gambia, The",Georgia,Germany,Ghana,Gibraltar,Greece,Greenland,Grenada,Guam,Guatemala,Guinea,Guinea-Bissau,Guyana,Haiti,Honduras,"Hong Kong SAR, China",Hungary,Iceland,India,Indonesia,"Iran, Islamic Rep.",Iraq,Ireland,Isle of Man,Israel,Italy,Jamaica,Japan,Jordan,Kazakhstan,Kenya,Kiribati,"Korea, Dem. People’s Rep.","Korea, Rep.",Kosovo,Kuwait,Kyrgyz Republic,Lao PDR,Latvia,Lebanon,Lesotho,Liberia,Libya,Liechtenstein,Lithuania,Luxembourg,"Macao SAR, China",Madagascar,Malawi,Malaysia,Maldives,Mali,Malta,Marshall Islands,Mauritania,Mauritius,Mexico,"Micronesia, Fed. Sts.",Moldova,Monaco,Mongolia,Montenegro,Morocco,Mozambique,Myanmar,Namibia,Nauru,Nepal,Netherlands,New Caledonia,New Zealand,Nicaragua,Niger,Nigeria,North Macedonia,Northern Mariana Islands,Norway,Oman,Pakistan,Palau,Panama,Papua New Guinea,Paraguay,Peru,Philippines,Poland,Portugal,Puerto Rico,Qatar,Romania,Russian Federation,Rwanda,Samoa,San Marino,Sao Tome and Principe,Saudi Arabia,Senegal,Serbia,Seychelles,Sierra Leone,Singapore,Sint Maarten (Dutch part),Slovak Republic,Slovenia,Solomon Islands,Somalia,South Africa,South Sudan,Spain,Sri Lanka,St. Kitts and Nevis,St. Lucia,St. Martin (French part),St. Vincent and the Grenadines,Sudan,Suriname,Sweden,Switzerland,Syrian Arab Republic,Tajikistan,Tanzania,Thailand,Timor-Leste,Togo,Tonga,Trinidad and Tobago,Tunisia,Turkey,Turkmenistan,Turks and Caicos Islands,Tuvalu,Uganda,Ukraine,United Arab Emirates,United Kingdom,United States,Uruguay,Uzbekistan,Vanuatu,"Venezuela, RB",Vietnam,Virgin Islands (U.S.),West Bank and Gaza,"Yemen, Rep.",Zambia,Zimbabwe
1960,,,,,,,,,,,,,,,,,,,,,,,,,,,,,,,,,,,,,,,,,,,,,,,,,,,,,,,,,,,,,,,,,,,,,,,,,,,,,,,,,,,,,,,,,,,,,,,,,,,,,,,,,,,,,,,,,,,,,,,,,,,,,,,,,,,,,,,,,,,,,,,,,,,,,,,,,,,,,,,,,,,,,,,,,,,,,,,,,,,,,,,,,,,,,,,,,,,,,,,,,,,,,,,,,,,,,,,,,
1961,,,,,,,,,,,,,,,,,,,,,,,,,,,,,,,,,,,,,,,,,,,,,,,,,,,,,,,,,,,,,,,,,,,,,,,,,,,,,,,,,,,,,,,,,,,,,,,,,,,,,,,,,,,,,,,,,,,,,,,,,,,,,,,,,,,,,,,,,,,,,,,,,,,,,,,,,,,,,,,,,,,,,,,,,,,,,,,,,,,,,,,,,,,,,,,,,,,,,,,,,,,,,,,,,,,,,,,,,
1962,,,,,,,,,,,,,,,,,,,,,,,,,,,,,,,,,,,,,,,,,,,,,,,,,,,,,,,,,,,,,,,,,,,,,,,,,,,,,,,,,,,,,,,,,,,,,,,,,,,,,,,,,,,,,,,,,,,,,,,,,,,,,,,,,,,,,,,,,,,,,,,,,,,,,,,,,,,,,,,,,,,,,,,,,,,,,,,,,,,,,,,,,,,,,,,,,,,,,,,,,,,,,,,,,,,,,,,,,
1963,,,,,,,,,,,,,,,,,,,,,,,,,,,,,,,,,,,,,,,,,,,,,,,,,,,,,,,,,,,,,,,,,,,,,,,,,,,,,,,,,,,,,,,,,,,,,,,,,,,,,,,,,,,,,,,,,,,,,,,,,,,,,,,,,,,,,,,,,,,,,,,,,,,,,,,,,,,,,,,,,,,,,,,,,,,,,,,,,,,,,,,,,,,,,,,,,,,,,,,,,,,,,,,,,,,,,,,,,
1964,,,,,,,,,,,,,,,,,,,,,,,,,,,,,,,,,,,,,,,,,,,,,,,,,,,,,,,,,,,,,,,,,,,,,,,,,,,,,,,,,,,,,,,,,,,,,,,,,,,,,,,,,,,,,,,,,,,,,,,,,,,,,,,,,,,,,,,,,,,,,,,,,,,,,,,,,,,,,,,,,,,,,,,,,,,,,,,,,,,,,,,,,,,,,,,,,,,,,,,,,,,,,,,,,,,,,,,,,
1965,,,,,,,,,,,,,,,,,,,,,,,,,,,,,,,,,,,,,,,,,,,,,,,,,,,,,,,,,,,,,,,,,,,,,,,,,,,,,,,,,,,,,,,,,,,,,,,,,,,,,,,,,,,,,,,,,,,,,,,,,,,,,,,,,,,,,,,,,,,,,,,,,,,,,,,,,,,,,,,,,,,,,,,,,,,,,,,,,,,,,,,,,,,,,,,,,,,,,,,,,,,,,,,,,,,,,,,,,
1966,,,,,,,,,,,,,,,,,,,,,,,,,,,,,,,,,,,,,,,,,,,,,,,,,,,,,,,,,,,,,,,,,,,,,,,,,,,,,,,,,,,,,,,,,,,,,,,,,,,,,,,,,,,,,,,,,,,,,,,,,,,,,,,,,,,,,,,,,,,,,,,,,,,,,,,,,,,,,,,,,,,,,,,,,,,,,,,,,,,,,,,,,,,,,,,,,,,,,,,,,,,,,,,,,,,,,,,,,
1967,,,,,,,,,,,,,,,,,,,,,,,,,,,,,,,,,,,,,,,,,,,,,,,,,,,,,,,,,,,,,,,,,,,,,,,,,,,,,,,,,,,,,,,,,,,,,,,,,,,,,,,,,,,,,,,,,,,,,,,,,,,,,,,,,,,,,,,,,,,,,,,,,,,,,,,,,,,,,,,,,,,,,,,,,,,,,,,,,,,,,,,,,,,,,,,,,,,,,,,,,,,,,,,,,,,,,,,,,
1968,,,,,,,,,,,,,,,,,,,,,,,,,,,,,,,,,,,,,,,,,,,,,,,,,,,,,,,,,,,,,,,,,,,,,,,,,,,,,,,,,,,,,,,,,,,,,,,,,,,,,,,,,,,,,,,,,,,,,,,,,,,,,,,,,,,,,,,,,,,,,,,,,,,,,,,,,,,,,,,,,,,,,,,,,,,,,,,,,,,,,,,,,,,,,,,,,,,,,,,,,,,,,,,,,,,,,,,,,
1969,,,,,,,,,,,,,,,,,,,,,,,,,,,,,,,,,,,,,,,,,,,,,,,,,,,,,,,,,,,,,,,,,,,,,,,,,,,,,,,,,,,,,,,,,,,,,,,,,,,,,,,,,,,,,,,,,,,,,,,,,,,,,,,,,,,,,,,,,,,,,,,,,,,,,,,,,,,,,,,,,,,,,,,,,,,,,,,,,,,,,,,,,,,,,,,,,,,,,,,,,,,,,,,,,,,,,,,,,
1970,11.43528275,37.62490218,71.57026551,0.013442766,,23.81395967,12.83287624,7.83494138,14.11985471,4.192001906,14.64524348,22.23538296,31.32808504,29.59091646,94.2194297,3.498349324,7.937705647,3.848011591,43.7324902,15.24158952,16.92455325,19.08234393,34.33143807,3.884604056,41.67558986,2.618191518,7.561131393,1.816566214,70.87916975,13.0060383,20.69535551,38.36772533,1.820225618,6.081280945,7.483925839,41.89567094,6.131203817,0.65285104,6.821814934,,28.45883058,19.47183062,11.02400751,13.76867176,1.647413049,19.00540954,5.555084998,14.75675142,22.75752119,8.641743788,,3.270355733,53.83529824,3.113555309,8.655403014,5.77221856,14.84919289,27.58572571,32.08812817,14.85815667,51.72909683,13.63944255,28.47354071,7.454417398,6.152670086,0,4.773168498,17.14643799,39.86241644,1.552584374,55.68211045,11.00599022,22.86169098,43.58068125,18.98602115,5.492012263,6.807439671,0,11.4150801,0.130624151,16.51477552,12.4646065,5.810289298,3.494386352,25.49269594,9.633260176,2.925442388,27.72205788,0.968150469,10.77740766,17.62261485,69.37736472,70.61919713,6.71761859,,27.77429876,11.3909153,12.29563433,24.0605802,6.60835927,63.41734572,24.09221436,10.98553057,45.03508141,22.24962419,,99.15232022,11.82611599,6.605901311,18.77636085,14.20362353,18.74651403,42.26978404,96.93998638,,9.601739113,5.378330662,1.436591646,1.769832601,21.54828159,9.690864762,6.896916055,3.653338997,1.591067849,0,4.441276076,4.962030477,27.34998661,3.226591774,9.566335567,,4.567237936,,9.379129159,11.62128844,3.14187934,0.990739275,0,5.891450905,18.4151897,2.700619011,3.272292263,4.410572541,9.373367612,47.69420448,29.66023952,1.822286033,7.282800573,96.75371101,9.896606929,0,5.295999878,33.41047502,3.633307088,19.02096438,7.240390234,71.00102095,5.335748214,0,98.76921127,55.38100373,60.81466206,28.17927821,8.109015492,,34.65527137,95.51759099,19.15359435,,4.165093943,25.07260256,35.68681854,,20.77115581,20.29132529,0.415676061,7.754958097,29.26287807,,25.69177823,4.531359965,13.60714278,7.493611733,,6.631959982,12.02381057,4.461194508,6.220915525,8.381586412,20.64621668,9.374377176,7.776890918,10.68368806,0.780213269,27.44441253,2.119822758,77.32365807,20.15728458,11.6092893,75.10040276,4.838361496,0,23.78761311,38.95555475,98.45291708,39.76977368,44.88235862,0.762825331,31.84838016,2.225126643,55.51768184,8.289879751,0,,7.102747929,2.969599605,12.46858096
1971,11.55545027,38.62806493,73.98631913,0.013336544,,37.95336796,15.06876173,7.934490097,14.37201204,4.068683001,14.63114722,20.48808514,30.85850123,31.30204834,94.03916376,3.69750627,8.193494612,3.673414988,41.29446194,13.28001028,17.35700711,18.71904097,34.1786528,9.499093226,41.30302794,4.232520392,8.512244654,2.10058457,84.12991756,12.58208865,21.15612809,37.52718194,1.80851925,7.301068796,7.589172103,40.98350876,5.980908153,0.700287736,7.044857627,,34.43580706,18.77125285,11.40681524,13.6429372,4.063515035,30.75799391,5.38917129,15.18227303,22.53032413,7.485271129,,3.215208851,53.35019857,2.615935289,8.910648355,5.481096671,14.22479967,26.22322748,31.43027424,15.77041943,51.95433446,13.60722484,27.6654994,7.430158789,6.284378938,0,4.426747693,16.73045932,38.38984849,1.528979026,76.63858383,10.95066593,22.47211437,43.03236681,19.36452804,5.40942841,7.983016924,0,11.4114012,0.141689939,15.29288945,12.75295773,5.85470499,4.246369769,24.74330421,9.254484933,2.874180188,27.75255675,1.04703272,10.77073949,18.70799982,71.46560384,72.8500279,6.02201497,,27.35502271,11.60960678,12.20534224,21.67144613,7.122115187,62.97798046,23.46106005,10.84539953,46.55703453,22.37341652,,99.09945416,11.46320912,8.214148901,18.18129419,13.89816802,20.41803909,42.25307642,96.27911563,,9.185852054,5.411292443,1.394279035,2.161601791,29.84074865,13.0275013,6.806840607,3.689117679,1.524955006,0,4.666907621,4.895100906,27.8467358,2.963418774,9.457535841,,4.823146195,,9.385562002,20.48561998,4.303492846,1.16443397,0,6.155644175,20.18904695,2.689725959,3.188568201,4.659644975,9.321133121,54.00305307,28.53585205,1.92302346,7.17409803,96.60266729,10.08828098,0,5.116666756,38.79594236,4.429513388,18.04765548,7.059703866,71.04847779,5.152870124,0,98.91386532,54.33144891,60.21679166,28.79340734,8.074956925,,34.9006614,95.97462814,19.07471892,,3.949211384,24.58328124,35.98538295,,20.41760079,19.82058296,0.439962536,7.901533418,29.41120345,,24.32163112,4.690682824,12.07796075,7.502457436,,6.576667545,12.01982009,4.860464327,6.043780705,8.792245409,22.30967675,9.123398282,11.73304678,10.73213352,0.787275708,28.43769397,2.190391253,76.69958188,19.4348072,11.58749732,74.33110943,4.789248211,0,24.38289935,37.93356716,98.69199856,39.37933675,42.08344168,0.77337832,30.91522465,2.096924138,56.37727973,8.537119986,0,,6.731268513,6.81610303,14.13559408
1972,13.76351954,40.20075639,80.86775493,0.013847067,,36.56903922,15.76161228,7.230903762,14.89548564,3.994384451,15.64608375,20.30815693,31.43385622,31.77755433,93.90462325,3.765611751,10.68246153,3.663935316,41.05945083,13.51380516,17.3808306,20.47253084,33.94001455,11.53692847,41.93216025,3.59378532,8.100595336,2.125368236,80.82797942,12.02397164,22.32317901,36.99977441,1.75465414,8.466973652,7.84210059,43.17997177,6.554587189,0.733294497,6.94730395,,35.37878423,19.33918977,10.57223413,13.87758914,3.674510748,28.98124253,5.201894299,15.62250092,24.05025862,7.332885402,,4.25524906,52.04816795,2.596395412,9.25988194,5.376104987,14.23512003,23.08580331,30.12504386,15.61108449,52.03285873,13.82659103,27.22514044,7.440811017,6.491556538,0,4.045937585,16.9840842,37.36045957,1.501804968,76.37683447,11.4479061,22.44160869,41.75701353,19.29004903,4.150370431,8.27787558,0,12.04484196,0.140495745,14.75088381,12.98211211,5.831271866,4.562732781,25.00051176,9.351714918,2.733163611,26.33510795,1.06330085,11.06577619,12.09820652,73.42311076,71.95776043,5.553486682,,27.18955534,12.02483924,12.33159352,19.64450018,6.849005586,57.35617204,23.39992123,10.05310685,46.13576485,22.09722661,,99.00493755,11.02015644,7.494727498,17.95530063,14.02424537,20.71334776,42.34257727,95.22033398,,9.145068252,6.210523375,1.273952268,2.127002265,28.12552516,12.49239543,6.704992478,4.100779981,1.578267717,0,5.180173692,5.154044958,26.84019368,2.711094818,9.48959638,,3.171029013,,10.19820595,19.28366528,3.866544892,1.17048049,0,6.327327792,21.51085061,2.251909645,3.176554225,4.716947122,9.557833047,59.15689416,27.20903749,2.007262886,9.329725037,96.28253433,9.721648794,0,4.936202473,15.21307924,3.934135118,18.71816282,7.176299519,70.97905445,4.941055376,0,99.0151281,53.94063656,57.86165097,29.01730706,8.017990471,,36.51660001,96.73117097,20.17422845,,3.8306469,25.18378707,37.1726665,,20.44333394,19.71663721,0.447218166,7.753130095,28.80697334,,25.64892596,5.036640621,11.35324424,7.902184398,,6.519109819,12.18045279,4.631237148,5.742225191,8.991867923,23.6480714,9.194516505,11.11855257,11.09919,0.778113078,28.86072642,2.224196293,76.00726925,19.44806336,12.7445911,74.5018703,4.628349018,0,24.52420548,37.5750847,98.76745446,35.30966153,42.16704476,0.762157806,30.70024211,2.084196483,53.44900079,7.877961344,0,,6.644746715,6.225795312,11.12761299
1973,12.47632291,39.8138178,84.69938302,0.013547198,,35.38563336,17.2077537,7.06785516,15.67171938,3.945856119,17.75493961,20.80008058,32.58135713,33.31265696,94.55736624,3.902599309,12.79068912,3.775799822,40.6426836,13.68689599,15.79112315,22.68165305,34.13111419,15.06853922,41.15113285,3.376918944,8.601634476,2.411647172,77.21571913,12.24783525,23.18284083,35.85532617,1.803588628,10.55998136,7.317718954,43.38882269,7.265304177,0.669021325,7.349449727,,36.44683516,19.77298467,10.33976639,14.08343857,3.318585319,34.22660497,4.736242355,14.47986669,24.19717499,7.466466762,,4.364178322,50.03760049,2.560451306,9.599694032,5.428854945,14.08680671,25.35298373,31.37310321,17.06331758,52.39947964,13.69850701,27.0636097,7.440616549,6.395769994,0,4.083336266,16.06659937,35.65169027,1.633342324,88.24243522,11.81173688,22.82836369,40.75534603,18.61448994,4.792246717,8.905627209,0,11.97690914,0.139059676,15.10407885,11.93726209,5.554529288,4.697666765,26.13373365,9.39607132,2.717767057,29.35265218,1.205083419,11.00166661,17.67479816,75.52690118,76.19601497,4.680183729,,25.21472189,12.49757437,12.18728577,18.72334725,6.434863505,61.41287844,23.6680715,9.585162691,44.0049423,24.05261472,,98.76771791,11.53854384,6.357621383,17.88245989,14.63506629,20.06470825,42.32422189,94.44087642,,9.227795665,6.96399372,1.693544219,2.094788681,25.6065091,10.51623963,6.6603031,4.299091961,1.775185198,0,5.509715649,5.113937224,26.49305084,2.862120663,9.607527382,,3.76961958,,10.47525185,18.09796144,3.000682628,1.182048555,0,6.21709195,22.50508842,2.830954372,2.797459128,4.752490931,14.83494272,60.93255089,25.21343036,2.035791372,8.318637726,95.944563,10.1302327,0,4.929195203,28.46738958,4.309707412,19.71766901,6.742589236,70.51711296,4.820707249,0,99.02810394,53.72628514,60.21286185,28.82931277,7.911601292,,36.47798641,97.32527278,20.62806304,,3.73394054,24.53991704,36.87137015,,19.84223281,19.57132981,0.452568715,8.092359723,28.98349223,,19.85479824,4.90544693,10.4977362,8.572367196,,7.015268584,11.45032188,5.414792734,6.412143126,9.594314783,22.78459317,9.360870473,10.65140491,10.27492411,0.7927501,27.67309572,2.039384029,77.72584581,20.4432706,12.57830997,75.55041195,5.639664619,0,23.97592883,38.05916253,98.92556392,36.52229509,41.65962695,0.726423985,31.88330683,1.962779456,55.01733938,8.471607332,0,,6.905512737,5.796542626,11.64510191
1974,13.05915845,38.95368867,81.76611999,0.01075986,,39.73513516,15.24209814,7.696475133,16.12841769,3.832084815,16.59305791,20.12429987,33.86087674,29.70608509,95.01582629,3.954808481,13.74192956,3.825766517,39.48348352,12.92894282,20.40457716,19.8295147,34.22774633,13.08811913,41.96644699,3.454211107,8.98657169,2.058865622,91.78792687,11.24593716,24.4017306,35.68592575,1.994325993,13.69944383,9.138930216,40.23433944,5.939738514,1.089618188,9.656732006,,32.36102969,19.80127969,10.20378209,13.77380595,4.296969155,40.62459222,4.722070718,19.3732864,24.25684016,7.816294989,,2.831681978,49.18431661,2.386328002,9.860626035,5.143306154,12.94530369,23.25790935,33.01587526,17.0176373,52.59047398,14.00381064,26.96437203,7.486950865,6.910088948,0,3.675986801,15.83040968,34.02378844,1.714430019,90.44094348,11.96286974,23.08547045,40.13711923,23.17363039,3.795169496,8.466675174,0,11.88172651,0.138555386,15.70206118,14.13645366,5.529865872,3.898030908,27.14754782,8.767311927,2.901465117,30.92651172,1.106126888,11.40621034,19.92299515,75.26583609,77.95549716,5.049670726,,19.92444685,13.5755164,11.71893871,16.67930699,8.192120493,62.51050038,23.9697374,9.051585889,45.86829048,25.25978785,,98.31439187,11.71134841,8.611410579,17.66618308,15.39331644,19.67217641,40.34203716,92.05183747,,9.226161579,8.048592511,1.656667388,2.164180381,26.88553265,16.85586492,6.561036202,5.091197197,1.655774582,0,6.385278433,5.218654986,28.40999895,2.998595711,9.606013153,,4.226989604,,10.3861861,20.70403789,4.563667435,1.14568585,0,6.173623107,23.79526531,3.052921041,2.834325872,4.477292804,14.85419765,66.69119322,22.72941874,2.057421714,8.522805333,95.6166974,10.51782722,0,4.885504104,37.02909667,4.167440773,20.51852766,6.94652846,70.0531458,4.881226943,0,98.72409993,53.75076916,61.1061265,29.99794203,7.646815656,,37.29462468,97.19262415,21.21709453,,3.818937703,25.90936856,38.6984676,,19.48087196,18.97422666,0.493924393,8.896199477,29.40337415,,19.44394296,4.441224314,10.31422964,8.028136431,,6.787920441,13.04595175,4.732661284,5.743753324,9.418878219,23.49440684,9.476665431,11.54859925,10.95720369,0.818196446,33.07557354,1.962853019,78.6666225,21.07883072,13.00970352,76.77458438,5.720248805,0,26.27316409,38.11424736,98.95684864,33.81407662,39.76737768,0.687900174,33.15870887,1.939637441,51.16986286,9.14109584,0,,6.533850961,7.419676056,11.89052267
1975,12.39262269,39.71266536,79.22072375,0.010549691,,34.38322381,14.85991133,7.351546516,16.21532606,3.758781002,13.59974478,19.91675408,35.183995,29.68261405,94.50192358,3.92318584,13.52316159,3.866296251,39.19927508,12.41884928,18.74215976,20.50661617,33.49083301,11.93696621,38.04930663,3.294637918,9.074786624,2.12331146,92.57470415,11.48810694,23.94585141,35.39011658,2.081063846,11.89645261,8.295015939,37.11408601,6.048508292,0.962830137,9.087721173,,32.40728364,22.0470769,10.15797008,14.66108431,3.341281772,32.39001636,4.560127935,17.75060101,24.80591311,8.096681086,,4.122501581,49.61923084,2.177624183,9.719352554,5.063539826,12.20505134,21.48864579,33.45181605,17.12343006,53.20247379,14.45311012,26.78338419,7.825211824,7.083230443,0,3.551882191,14.29496597,34.95595428,1.591632929,89.93115112,12.08637837,22.51968489,39.54659061,22.4949346,4.570684814,9.456036397,0,12.08001288,0.133414933,18.67455418,13.34725759,4.761756007,3.448092854,28.15067552,8.718285337,2.738888044,26.09575098,1.217538976,11.80691723,19.75512349,72.58340485,79.91344011,4.34812923,,24.17580278,14.34867989,11.16287558,15.13706164,7.072701304,62.0996734,24.27269246,8.705869369,45.66283392,26.69808083,,97.7769272,11.67337467,8.748341651,17.31835724,15.16134204,20.07955409,39.80472046,91.40516571,,8.687371501,8.647871832,1.588195681,2.09728265,26.93944867,18.12355146,6.572926771,4.642466671,1.409798775,0,6.544526835,4.916133216,28.32878619,3.153046222,9.497729186,,6.864110499,,10.7534724,17.99464838,4.522091946,1.489557561,0,6.163494806,24.71619743,2.964031635,2.754707654,4.500413497,14.69947742,59.22488695,20.79851633,2.090506753,12.57535417,98.41411455,10.74468012,0,5.073895436,36.76073531,3.840477677,18.18821987,7.182155316,70.65686584,4.915544115,0,98.48796063,54.33014006,61.49659573,29.98992311,7.272360844,,36.82759246,96.20645062,20.61012293,,3.636022744,25.22475699,37.47107828,,20.25258663,21.06841135,0.46823641,7.981243727,29.47430237,,18.09548838,5.244151683,10.40509934,8.118582229,,6.76401893,12.28126841,4.267895116,6.272416898,9.746045908,27.46499748,9.455954691,10.24784228,10.30853938,0.867935299,31.03100316,1.941381526,79.18236074,21.8740318,12.94238524,78.0991941,5.853131665,0,25.91173021,38.13440767,99.01426862,35.95007141,39.23220862,0.653494971,34.4888985,1.851093132,44.47111512,10.46533337,0,,6.555869768,5.823879974,10.38805527
1976,11.36980548,39.12699104,82.81426465,0.010373017,,36.26688544,12.82991161,7.523946849,15.78257318,4.63814403,12.750284,20.11952032,36.89627037,26.69447549,94.52412624,4.124205113,12.57014237,3.968405411,39.14990704,11.60102239,18.11673537,17.25243605,33.11099142,10.96472118,38.39740976,3.69201632,7.617830281,1.82485113,93.93394353,10.46003895,23.20276059,35.31599329,2.049803191,11.75320176,8.031994821,33.92505288,4.845422239,0.921824154,8.85629262,,35.84197216,22.16626632,9.97930059,15.90864279,4.283917915,34.99905065,4.514310085,17.11416678,26.75512934,7.973255791,,4.441003358,50.13710801,2.235743714,9.579441152,4.706067198,11.92451121,21.08823715,34.58953199,16.63413544,54.1999554,14.59507041,26.65928142,7.73402395,7.179535615,0,3.670017344,14.33674881,36.36068983,1.484745566,91.02354613,11.95325609,22.38247765,39.03606106,22.42530477,3.557375709,10.58361366,0,11.18479781,0.13493371,20.94860221,12.84470564,4.436179306,3.798801816,28.83256593,8.970265065,3.044757414,28.69946399,1.141667076,11.85285382,17.34403946,74.96124658,81.72891843,4.616042831,,6.920561056,14.942231,11.21325784,15.49580531,8.464451601,60.98301871,25.05404759,8.45622302,47.29050537,26.4340387,,97.41340271,11.73676892,9.829171986,17.29979557,15.41863227,20.47637578,38.45852489,92.2161625,,8.785974528,9.532301765,1.432171639,2.204967729,28.16084713,20.50518781,6.338442121,4.549539859,1.466058304,0,6.292977193,5.216898316,28.87217886,4.619458352,9.148386057,,7.06392618,,11.61319217,20.29744023,4.633517016,1.587410503,0,6.155337557,25.5482643,2.763426145,3.027314687,4.558192549,14.26191742,61.68728038,19.01936889,2.139563268,15.75923106,98.41289817,10.85763269,0,4.870148935,25.38992332,3.470037898,18.45977498,7.489861027,71.82939295,4.890496258,0,98.36990024,54.32509499,61.72103707,31.02541251,7.118388096,,35.66660526,96.73856478,20.28665362,,2.920593533,24.96396402,38.8315908,,20.00852451,21.03206512,0.493008452,8.341568086,31.12863776,,18.21700629,5.110768325,13.13037921,7.377557335,,6.350294322,12.09858113,3.922771573,6.33237985,10.13153493,31.34125768,9.590050884,10.76143341,10.71809552,0.87432672,30.31086526,1.592354833,78.8393319,21.41458079,13.23060326,79.75849572,5.869350591,0,25.70719341,38.54896738,99.31332311,35.30540503,39.39646024,0.697379349,36.42279324,1.817782181,43.54882184,10.20896215,0,,6.860038468,7.037586457,11.41477747
1977,11.98337904,38.36398735,82.78925138,0.010096588,,34.93518501,15.69366501,7.586282524,14.564661,4.568277566,14.3546006,19.91255558,38.31273987,32.67256348,94.82346699,4.256275275,13.92292106,4.034963762,39.15450253,13.76735964,15.52700242,22.24596045,33.22075813,13.23305795,39.45362477,3.60202089,8.161651256,2.269085821,88.19566466,10.26686208,22.54943085,34.96979067,1.785516678,11.09880145,6.807724035,35.20558274,6.353058125,0.719093463,7.919768472,,31.15483897,24.43672484,10.39849866,16.17420535,3.531761957,27.75795314,4.42043144,14.48837802,27.92010269,8.625773635,,4.340691502,50.4884968,2.269942673,9.206479269,4.800306627,12.09874132,21.54855383,33.98219911,15.84438636,54.60484915,14.52526502,26.59753898,8.082911587,7.009610874,0,3.928475965,14.25189923,38.24121001,1.198095973,89.36221605,11.79185521,21.90946054,38.1390069,20.01761568,3.492059918,10.91469115,0,11.06705981,0.130210269,19.98330412,11.61178012,4.487204055,3.854072523,29.41920141,8.733072591,3.39109876,28.22667969,1.148988319,11.66405796,15.29866227,73.72871661,79.18150944,5.144719772,,6.821040024,14.95682231,10.66405941,15.58748947,7.871800398,61.27049443,25.17163288,8.319145868,47.02317628,27.19855211,,96.90569129,11.96654311,7.528185293,17.05524762,14.59057096,21.68769203,43.70037368,92.95393879,,8.734560594,10.08789117,0.539188955,2.095903652,24.13833265,16.7982822,6.150542245,4.300554617,1.435822275,0,6.272599084,4.985905932,27.00581473,3.715529995,8.603486024,,7.046110549,,12.37975366,17.91468157,3.657962908,1.381796668,0,6.156436075,25.29525664,1.587446921,3.160681244,4.429985515,13.49838941,56.36056191,17.70898056,2.137623095,17.69029375,98.25260919,11.00053096,0,5.09354104,15.05583834,4.00552466,19.68130899,7.646677633,71.94596486,4.634246111,0,97.96356695,53.59979159,62.63941726,30.94863202,8.013575833,,35.80006944,96.67937481,19.7128942,,2.70738243,23.79262773,39.24746991,,20.34680516,21.71829843,0.478646575,7.759730997,32.43868538,,17.44067914,4.614629354,14.11550885,8.111906443,,6.634598199,11.29011838,5.114248573,6.322136142,10.62234454,31.01267102,9.611813554,9.922132015,10.46370036,0.953091875,26.83403121,1.446294374,79.73548325,23.08242365,13.06826563,80.97735019,5.655490886,0,24.96550786,38.94899202,99.13694046,35.4909146,38.63134427,0.705146537,38.04195973,1.894203679,44.57628624,10.25346365,0,,6.753784213,5.871393077,10.09645818
1978,11.5715264,38.07697251,83.2376155,0.007659883,,33.99648522,10.71585624,8.365365747,12.24384611,7.665172965,16.14546134,20.20151793,39.33646033,26.69509152,94.65931351,4.285173638,12.80465712,4.078577413,37.64598189,14.73861205,18.30460482,16.8619784,34.00770027,11.47229714,41.04279176,3.872826463,7.825270637,1.825978847,85.36936499,10.35426385,22.9949107,35.4839697,1.933142825,10.4304358,7.961303453,37.74881288,4.569401906,0.984896314,8.709227423,,30.29047653,26.66898539,10.61802792,16.38724091,3.395663015,26.47495666,4.349514547,17.51244775,27.79406308,9.411204558,,4.245325561,48.55205645,2.277548498,9.466773744,4.447724709,12.77398423,22.01557689,34.02762743,15.68005048,54.99462598,14.6927072,25.97680386,8.264767479,7.374984156,0,4.27202642,14.63750817,38.14793752,1.385416503,88.66321811,12.77309931,20.99582742,37.80662393,22.57127173,3.316997104,10.76728186,0,10.35797625,0.12747758,20.00515844,13.64837733,5.212656077,3.857449494,29.31164148,8.825745351,3.545049968,29.63105342,1.284026871,11.40335715,23.16311698,71.93426405,80.12818476,4.445025001,,7.227796421,15.12366346,11.21724118,13.83749792,8.280143614,61.29061488,24.25010837,8.062159631,51.22694806,27.12435258,,96.9829197,11.87363028,6.776475574,16.56389159,14.0836197,21.26126314,44.23492483,92.52387175,,8.669135406,10.71086734,0.96145205,2.054720724,23.36471204,19.25247922,5.979075293,4.557403335,1.284624147,0,6.391202489,5.37614866,30.88322902,3.666782361,7.750045322,,8.015343111,,11.32308838,16.74362276,3.27337312,1.409482427,0,6.158194768,23.47067417,2.217835732,2.773540867,4.494564479,12.82606008,55.74631194,16.63974553,2.159591897,24.24230906,97.73269071,11.31810449,0,5.137241143,28.7096489,3.769148438,19.62942268,7.66136514,72.28598545,4.267955681,0,98.02134158,54.02372331,63.4393922,30.66801114,7.888886133,,35.5747144,95.96479192,19.81588912,,2.909687311,25.16748441,39.54186549,,21.77119328,21.92346106,0.462537711,7.528372305,34.08978912,,15.8032185,4.510033679,14.02921314,7.084694791,,6.363266574,12.38395484,4.082609254,6.590928063,10.45510955,32.56645844,9.312400415,9.56888033,10.50279173,1.069725619,30.21602601,1.216555739,79.08813564,25.88432084,12.92110333,81.84591082,5.829420698,0,26.44489386,39.62251114,99.09766316,35.41092231,38.37680659,0.707688828,39.24187308,2.037551213,42.41115488,10.20527519,0,,6.7027276,5.598960457,10.33296866
1979,11.17907095,37.81235547,81.91290469,0.033322886,,27.35160751,8.49285613,8.703235938,10.00410272,8.272083858,15.70159865,20.25550031,40.49006456,25.05345854,94.65159704,4.342932557,12.1136433,3.770430958,36.83169673,12.82563332,16.84612832,15.49447737,34.30744702,10.07685701,42.53096082,3.426805469,8.238159767,1.702679148,87.8939151,10.63240046,22.00365826,35.58635249,2.488512153,12.1957935,8.132404278,34.98069436,4.23174213,0.862114785,8.898777186,,28.87066874,27.4457317,10.77529683,16.35955203,2.37243375,21.50349303,4.152551775,16.15356064,27.26000303,9.777246074,,4.654083869,49.32387212,2.620105947,10.43132834,4.50422809,12.35224279,21.9778778,33.61374133,15.52349645,55.53168158,14.61199717,25.41637226,8.407596023,7.363164693,0,4.864985305,15.09288364,37.86927011,1.393002402,86.26773418,12.91680443,19.82842205,38.38828092,21.99100328,4.69822516,11.72102026,0,10.30691871,0.123492601,19.14313782,13.09912982,5.140993248,4.541617004,29.83443958,8.278868923,3.494105927,29.21072879,1.315984782,11.46638603,19.7370507,62.21340389,83.15648937,6.437090035,,7.314086413,15.421834,10.48657744,13.61702365,7.872528055,58.74507602,23.15475184,8.037651507,53.35812044,27.40667949,,96.84697424,11.61841066,6.9570555,16.32475573,13.77066369,20.56856395,45.08091741,91.58971479,,8.723791922,10.84216459,0.801337791,1.991329266,20.37325363,22.17941565,5.861069867,3.024733177,1.256124276,0,6.389973209,5.577717733,31.28323571,3.580862508,6.969739451,,6.454654938,,12.036039,13.04341388,3.898222512,1.30910967,0,6.207627255,23.59485207,1.575114226,2.21185439,4.952804978,12.79065918,63.24973326,15.99771694,2.151438278,28.10401754,97.26737275,11.97991112,0,4.973036304,20.22564312,3.842501491,19.03413844,7.785717512,72.98422452,4.214330048,0,97.34862351,52.79458821,63.98405437,26.0473784,7.70176602,,34.81804018,95.97033434,19.7913571,,3.933520102,24.92265118,39.58826759,,21.02163446,22.14788329,0.487813115,8.008405525,35.4473636,,16.48877609,4.686233082,14.47805421,6.668769645,,6.186566968,11.70311342,3.96804002,6.834345423,10.87965972,27.04575912,9.018273955,7.976107665,11.19769367,1.2373465,28.90429756,1.217039235,78.55996285,30.19196921,12.17505997,82.43551961,6.015512625,0,26.94416795,40.13621088,98.60027377,36.53213539,40.22624927,0.682153877,38.51840377,2.11270663,43.27219387,10.30854809,0,,6.679647153,3.949986824,10.12592489
1980,13.43021551,37.06597437,79.79401532,0.017613748,,32.10696317,8.037442707,9.245960412,7.893245918,8.358016421,16.15402196,20.47248303,41.61199064,24.87765921,94.44712734,4.696978179,12.80310809,3.797437556,36.75677479,13.45417536,13.54150658,16.4721641,34.36762096,9.942176718,45.9232907,2.70243741,8.132540919,1.816075455,86.62514069,10.74335273,20.99088723,39.5043867,3.023143709,8.623173734,7.075710993,32.62498233,4.411383203,0.62909696,8.094454229,,26.41314012,26.8580603,10.51291347,16.75726987,3.244682026,25.91385283,4.115016353,13.35345555,26.36472635,8.829265446,,4.166386525,47.10400628,3.118180208,10.41514805,4.313630143,12.13951916,20.30415006,33.75137354,15.30505004,56.30150193,14.44644857,24.94886408,7.851962559,7.176382245,0,4.651097427,14.86565671,36.05169979,1.85552746,87.64064634,12.50889126,18.85075933,38.57297479,19.47591665,5.058475663,11.51064689,0,10.31010629,0.120916087,14.7113644,10.43456475,4.764649992,4.365651349,29.81654906,8.651172897,3.668898821,30.51743505,1.470509164,11.74871259,17.46656423,48.16736473,79.27346847,6.445391892,,8.428997188,15.50582588,9.68968274,14.11523854,8.716802867,57.09966962,25.26355065,8.674075184,54.42639397,28.3640817,,95.22016269,11.39892228,6.177100058,16.20989647,13.84983206,20.30758366,45.38917202,91.06086228,,8.897491856,10.86538915,1.491932347,2.539189724,23.10746241,20.12055528,5.645669901,2.771617722,1.247485455,0,6.407536055,5.136671246,34.3542193,3.49458647,6.20710369,,10.42488159,,11.60649475,16.13064941,3.519678992,1.399908907,0,6.234851064,22.73632893,2.837450536,2.568088255,5.451064021,12.77794196,57.40642212,15.34994172,2.181639007,31.99828063,94.9821199,13.26597859,0,4.942406812,20.5953141,3.834426782,18.55159606,7.967158675,72.36123404,4.111468824,0,96.37954237,53.03515042,64.65035741,26.38487605,7.658831951,,34.36925815,96.20632417,19.86724601,,3.909529419,23.1246811,40.98748656,,18.61481228,20.33046676,0.510975581,8.537593907,37.87581835,,16.81536171,5.132494338,13.80726504,6.775161321,,6.400794391,10.38084235,3.818413999,6.996971777,11.57274786,26.1397191,8.696836514,9.09657395,10.9850057,1.355931656,25.02249914,1.348789108,80.37129902,29.89885722,12.0613874,83.19679163,5.732171263,0,26.5491895,40.65162581,98.38965668,35.91936037,39.48736427,0.621052978,39.55584864,2.28158915,41.99083862,9.656450929,0,,7.077190125,5.27696176,11.70178083
1981,13.0550303,35.63293484,77.06362504,0.029806436,,35.34438004,7.456490081,9.440830425,6.205151486,8.843197886,20.40160027,21.1059583,42.80195192,25.98958042,94.5836645,4.720663602,12.43183738,3.773036332,36.31790709,13.70197876,16.40587451,16.31753751,34.17928791,11.73821444,48.3587604,4.278703127,8.086503429,2.831789587,87.08480596,11.15544626,21.54203654,42.76568964,2.0737627,8.927018161,8.786654674,31.49669244,5.416357206,0.875026251,9.14321413,,21.75234,27.27296524,11.02360132,17.21808169,4.184628469,29.53634084,3.901341182,16.61619315,25.48848444,9.224288595,,3.626205818,45.9625985,3.669900508,10.73879951,4.413582314,12.95251959,19.81780195,34.45983025,16.1196223,57.14848928,14.64860079,24.74288998,7.864373413,7.619481403,0,4.728177966,14.93988181,34.14738296,2.226896657,88.76834337,12.54414172,17.99622596,38.20088987,22.09022271,4.863599832,12.68260814,0,10.63206927,0.11332555,14.83696657,12.27830596,4.450456663,5.062633608,23.94078576,8.963476742,4.068867135,30.11507694,1.51935302,12.14034535,18.72011967,44.2996823,63.2908639,8.128800444,,8.61210149,15.7096404,9.70506881,14.61703292,8.146158968,54.56907805,26.05759472,8.810581,55.94837763,29.8112658,,93.26918342,11.0186069,6.593629424,16.14784618,13.55012116,20.67595846,43.46728827,88.84146911,,8.934410854,10.86626434,1.359464867,3.124381271,25.35964593,20.35887643,5.586881472,2.933598708,1.242637334,0,6.172330997,5.032819224,36.29485676,2.89477835,5.954656885,,8.8387372,,11.51892825,18.83912685,3.716075422,1.774873891,0,6.184574899,21.76765918,2.634172935,2.092091924,5.519720918,13.06433885,50.41666522,15.91548452,2.11874329,31.36579553,95.21055008,13.75809084,0,4.692735999,33.19912886,3.965490545,17.40252284,8.025423238,70.06943938,4.100615739,0,95.34273614,52.91826144,65.09085933,27.03572299,7.430393461,,36.96147486,95.29635159,20.54896143,,2.60419626,24.58463294,43.37923638,,18.5801414,22.15520872,0.505509041,8.451922225,40.22725972,,17.89030792,5.082535169,13.74829581,6.515644367,,7.064749429,11.35548484,3.71302897,7.289705297,12.36090664,26.82742404,8.405492276,9.910037219,10.99889493,1.327030015,29.11417755,1.365183375,81.17124961,30.72040715,12.04970353,84.05889402,5.529336022,0,28.73588294,40.96560226,97.79414423,35.70174536,38.24390143,0.628379437,40.87828813,2.294893427,41.65024202,10.20899715,0,,6.950100831,6.59897497,11.37172115
1982,13.01840321,35.95413611,75.26058676,0.035981248,,32.0967885,10.07239589,10.04519935,5.211178678,9.061554053,19.35936555,21.71394694,44.01773001,23.93691785,94.07337053,4.918602473,12.84738092,3.693719234,36.52078651,12.86824179,14.40214769,17.9780091,33.6957807,11.46555268,52.63491971,4.186633643,7.871409338,2.850692763,87.4529999,11.27068789,20.43554641,43.59784217,1.300529562,7.800160864,8.397357312,35.9707287,5.639120242,0.709387115,8.410924109,,20.41130693,28.32697672,11.18758099,17.61934714,3.580075198,27.39286928,3.899279477,14.450366,26.19221749,9.464617404,,3.50890208,46.20882922,3.940648966,10.96415577,4.334649864,12.9845285,19.59141384,34.20840738,17.39281084,58.30055266,14.66661325,24.74950575,8.126873816,7.480370203,0,4.563178859,14.39239522,31.7516642,2.599808318,87.27409229,12.08267078,17.95865483,37.5657437,21.51754598,4.985230587,13.62428887,0,10.87197767,0.106597922,14.53728298,11.16711526,3.589967169,4.766702854,23.77519856,8.182038448,4.449646339,25.33505196,1.586083566,12.29039131,6.310290407,56.91239842,63.82554141,8.689856734,,7.402224548,15.92171329,7.375455555,14.51566063,8.631075958,54.01616738,24.89454254,8.579594257,57.51443059,29.69295987,,91.33223858,10.97618741,6.582817832,16.07857269,11.83208784,20.26172377,43.58127906,87.73282037,,9.04678031,11.08395226,1.388448233,3.523638263,23.87487458,22.71386893,5.448465427,2.762114617,1.219945164,0,6.25307314,5.093263234,38.35629886,2.850977802,5.804188766,,9.505879558,,13.65948619,16.96778332,3.872757533,1.948413031,0,6.323647467,19.64617389,2.06477052,2.364100854,5.26904058,13.18305807,46.2810383,16.68527143,2.040470989,31.24537848,94.1297761,14.06952142,0,4.80560216,8.222122994,3.854508101,16.62684191,8.449059161,72.53550639,4.112161313,0,95.42297249,52.75201484,65.79121426,26.94598074,7.139146624,,35.03751302,93.48206667,19.57778801,,2.083512455,23.39303649,43.25924069,,18.60449571,23.0244326,0.485265253,8.496639672,41.05044232,,18.60106595,5.542442584,14.20348819,6.943422626,,7.178926308,10.36524366,3.699076768,6.934683548,13.32700216,25.54339127,8.352911718,9.198140867,11.17809586,1.310671127,25.71596379,1.465883237,82.40122696,31.10031108,12.58832522,84.80338827,5.551723,0,27.06634669,41.44937267,97.34125507,34.79841364,38.19019691,0.627120312,42.05194116,2.249453636,40.69588135,10.48272536,0,,7.053532676,5.673549994,10.73823623
1983,13.9460019,35.93290638,76.68390771,0.033026831,,32.97817181,7.027962306,10.42795117,5.055913361,8.782813019,22.41679358,21.3107993,45.18037122,21.08711446,93.83386647,5.314688715,13.96505227,3.606755222,34.94836552,15.94842808,15.39018636,20.65900872,33.0879742,10.92955332,56.30387374,4.352700529,8.426056918,3.065545224,74.61160814,10.99118122,20.83081463,44.11150223,1.283401816,6.943361267,28.25408326,36.67715049,5.171447117,0.82280797,8.723669229,,20.19695307,29.21945793,11.77969279,18.14511818,3.765508066,28.12274548,3.794744865,15.95632053,26.15185402,9.442082014,,3.513016452,45.46319842,3.916291997,10.62570754,4.263659777,12.56952439,21.20800317,35.22295256,18.18930653,59.50013874,14.43439316,23.85191708,8.052231608,7.638337962,0,3.354066956,15.53534708,31.43739173,3.130301976,86.07377982,13.86333135,18.10876077,35.46146257,23.91400574,4.554880821,14.17839859,0,11.01104318,0.098772638,14.66485819,12.20980033,3.92111312,5.442674403,23.83604031,7.870147244,4.715297954,24.62228812,1.57701581,12.336333,12.65902214,55.49482805,63.06061803,9.298147931,,6.896168961,16.25816552,7.248235277,13.86226626,9.039614004,53.07913884,23.53289342,8.312808732,55.16544221,28.59999106,,92.12825791,10.67563277,4.653647417,15.9165415,12.44571513,21.59436684,41.08320836,86.17704346,,8.999185281,10.45734847,1.847001173,4.031883319,23.99561959,21.26717718,5.389334257,3.214265472,1.234027252,0,7.004975148,4.859459181,36.49938408,2.807214988,6.074743438,,7.641408262,,13.33878968,17.03904846,2.404565734,2.101077728,0,6.36037166,19.91341782,1.537253505,2.512711028,6.020118718,13.44778553,45.97362353,17.42409163,1.822954786,33.40017372,94.3544573,14.56727377,0,4.70742808,20.00201187,3.848233302,16.55368198,8.647742595,75.77231045,4.143976276,0,94.08125536,60.55595122,66.18498037,27.14379149,7.006150259,,35.82962454,91.19530334,20.68298856,,3.399363724,25.34463696,40.77910742,,18.44959332,24.6289758,0.520279164,9.243118501,41.68615881,,19.17609363,5.463758809,12.1873363,6.824161563,,7.197986675,11.1226635,3.567314815,6.966952967,14.05329435,24.49946504,8.229660549,9.426816803,9.072375517,1.296448674,28.35660473,1.628396571,81.58031618,31.71802759,13.31291757,85.47806412,5.666446058,0,27.73770217,41.13967571,96.97638155,33.95794986,37.1660653,0.683792285,43.07412653,2.180322827,40.14451822,10.46775508,0,,7.080965417,5.932854304,10.52359945
1984,15.80817313,36.8596093,78.25947509,0.026893267,,40.89712031,7.076525078,11.295247,4.955680736,9.240585708,22.88714984,21.67971426,46.52040278,18.8795522,93.92057572,5.339249745,14.24330256,3.522215142,34.86742614,15.61156325,15.55404167,18.76979102,32.62819174,13.98407165,56.66189616,5.40147985,10.27163192,2.618955139,86.43156288,10.76923961,20.93848081,44.32319595,1.480348357,9.629383988,28.62545311,42.38102142,7.274312659,0.888720262,9.858760214,,20.87108135,31.04619718,12.75516089,18.18032374,6.086292644,34.53323547,4.479305183,16.25752675,25.35294705,9.879087633,,3.647737886,45.08639873,4.71408435,10.85517587,3.939191745,12.77798192,20.67203243,36.56915238,18.30093331,60.25845908,15.25718292,23.49849871,8.413614927,7.972942445,0,4.320025839,5.889182097,31.09144177,3.110716221,90.30978591,14.75140303,17.78615299,34.18939959,24.26812405,4.332823462,15.0847063,0,11.08514068,0.094850026,14.9059028,12.60486434,4.214948439,5.815685806,23.44036788,7.526650578,4.899592104,24.86015835,1.580279096,12.68104975,19.24644614,45.5123447,66.99147531,9.007523721,,6.349794842,16.01525069,14.16771464,13.81670419,8.879476633,53.79344849,23.45679398,7.550235372,59.11093819,29.72445078,,92.31912746,10.27066006,6.804814256,15.73403311,12.65860394,22.16018002,41.88013967,85.57790292,,8.973883664,10.11187299,0.988521368,4.774719566,26.61515323,34.69278792,5.392492655,3.660508506,1.175458439,0,7.675103883,4.406880997,34.31046688,2.762260218,6.359648063,,10.16070714,,14.0566935,21.88618709,4.091623284,2.308339703,0,6.232791933,20.48171105,1.137525923,2.631602793,6.000528176,19.71360936,47.38593768,17.8633032,1.691856814,34.50825602,92.63818717,14.60126223,0,4.688359298,35.81059733,4.289044878,16.48865765,8.788656441,75.39890029,4.299797583,0,95.62956914,50.88499415,66.23426309,28.68564455,6.839561937,,36.4584915,85.88074043,20.5731472,,3.1967449,26.75021655,40.30686155,,18.69085109,25.36908915,0.520245362,9.322022604,44.57921221,,18.591586,5.015073953,12.54876497,6.40376154,,7.584608345,11.08764688,3.828185668,7.191103649,14.59028477,24.81648469,8.10135309,11.44041837,10.06892652,1.306787255,28.49420959,1.732796075,81.70065197,31.57032207,13.87206311,85.88612686,5.296992202,0,27.89383096,40.68419414,97.17331995,23.31871837,38.53144288,0.717513944,44.26926487,2.115547844,41.90180526,9.966770143,0,,7.133044247,9.175420819,11.23097145
1985,15.98521884,37.61881064,80.84812354,0.021588334,,40.56712741,3.416023825,11.45278339,4.745395773,9.911775309,18.93146843,21.81226258,47.8464022,10.86413352,93.54778088,5.490347749,12.53639121,3.467668935,35.18576548,14.981501,17.38657302,9.807565252,32.15387722,13.02112552,57.79983829,5.928316394,10.15448123,1.573558574,89.8530522,10.36961784,19.71873313,45.69735348,1.229488932,8.340165355,27.48586103,44.0296641,3.903294542,1.08558326,10.26304959,,21.70861466,32.24672693,13.00461037,18.87975707,6.031219624,33.75500059,4.899354671,18.1383684,28.05138061,9.214387324,,3.414196361,44.56236713,5.634432386,11.17076999,3.303312082,12.41363635,21.58164351,38.13792478,17.80839859,60.91589039,15.33823494,23.33867627,8.36314309,8.056586975,0,3.520387615,6.017171573,30.65484796,3.302348381,90.85172358,15.05416431,17.77696306,34.8496405,25.83083273,5.211858611,16.01349576,0,10.4045961,0.090393432,14.97772286,14.80308944,5.056978209,5.895406977,23.67602485,7.683222596,5.085618669,25.33241966,1.526595331,12.72306505,18.63793011,42.83781658,71.40246439,9.04124862,,6.130264788,16.35075564,14.50587832,13.59450739,8.294653377,49.89032995,24.22949935,7.454354846,60.54370032,30.45790361,,91.75859053,10.25736047,7.47572149,15.56862421,12.88737124,21.78473041,42.94282851,85.00639994,,8.960952862,10.48636665,1.21511572,5.296676091,26.0595,35.92192982,5.744399911,4.114000359,0.591674611,0,7.530234342,4.526015461,32.67851452,2.652494873,6.617166359,,6.226469403,,13.1920642,21.4653549,4.997690625,2.393260776,0,6.249357604,21.29317734,1.303758634,2.7114809,6.042145697,22.59264383,48.1112919,17.9830791,1.545940415,35.20946753,89.17783784,15.36406645,0,4.638955533,35.06704035,4.178396392,14.85460855,8.619690982,75.55678772,4.361215571,0,94.70586783,49.91117183,66.28376351,28.53380383,6.422824867,,35.90705944,82.91738335,20.100128,,3.428047046,27.90705709,38.13295658,,18.53645344,26.36584623,0.52145007,9.064040553,46.51424667,,19.17421457,5.0227234,10.64850619,5.447908701,,7.760814891,11.88368826,3.133193211,7.971487224,15.35102317,25.56670641,8.1872711,11.42169625,11.25400853,1.281767706,30.60636844,1.300770838,81.72548505,32.40158512,16.09432928,86.66533795,5.326101091,0,29.13847493,41.06905444,96.81295004,30.08555424,38.15133668,0.72631071,46.0096112,2.102944789,40.22785966,10.2148989,0,,7.086046443,8.978847982,11.73202355
1986,17.78914302,36.70600878,80.49848526,0.016939656,,42.06230781,2.752838403,12.05159617,4.468905182,7.862876321,21.22399618,21.65197299,48.96812778,8.85896895,90.86592058,5.642665269,11.14449111,3.387228528,33.25920866,14.26835635,17.92462827,7.388450227,31.60997751,12.55645387,57.73846687,6.661686392,9.799233665,1.375149608,86.1527639,10.96948733,19.59207907,43.80478091,1.228492963,8.00293437,34.41319888,43.54615788,3.038200642,1.078149691,10.19779592,,21.38130024,32.36444002,13.4518106,19.42656143,6.561510531,34.26367469,4.773510467,17.76831861,28.52782464,9.309829366,,3.606497139,44.13196855,6.424778331,11.82834882,3.027539671,12.16600019,21.90779362,37.74670841,14.95839127,61.46435934,14.88521884,23.61545349,8.351590798,7.897871394,0,3.809117216,6.278063902,29.35322858,3.637502184,87.95190191,14.99413889,17.7334934,33.69824191,25.74627756,5.386648329,16.61362526,0,10.462252,0.084743015,15.24133262,15.91875708,5.088264407,5.376691238,18.91296089,7.752869471,5.421007928,25.23358683,1.64459301,13.88753688,13.91957738,40.08218704,74.6332328,9.211210988,,6.240187416,16.94397995,13.9048842,13.42747763,8.369137846,48.46202844,24.42835304,7.022986525,59.2600901,32.01182736,,91.53356654,10.47064562,6.87433912,15.46326319,12.88207441,22.0513528,46.54268106,88.48437016,,9.014383775,10.41842691,1.353200543,5.806794284,27.45477901,37.78410047,5.692098344,3.933302085,1.439977985,0,7.464871789,5.05150975,30.16660004,2.513749603,6.710377193,,7.267557476,,12.24849185,22.14582089,4.383768795,2.279693896,0,6.383060823,22.37363414,1.224778707,2.850222879,6.677375291,21.79858787,47.64965359,18.35176333,1.411396618,35.69421919,90.76818957,14.89609086,0,4.529113457,21.48135511,4.429569696,14.66206897,8.629608963,75.14157061,4.281924312,0,94.03015168,50.75240211,66.49401421,28.48795033,5.833361935,,35.91014283,84.92644587,19.31839999,,3.128715429,28.29607763,38.83900963,,18.17046503,27.13193866,0.523667621,9.105411135,46.69980985,,18.8887914,5.244181032,10.27184896,5.063961402,,7.666736219,12.36515705,2.778926771,8.458838586,16.04718925,21.52253924,8.37734819,11.59685032,12.48754538,1.278669151,30.16124358,1.179468461,81.27239567,33.77441901,16.70138563,87.21950349,5.275525993,0,28.84175232,40.91464378,96.10539708,31.61149457,38.24302327,0.727886352,47.24543287,2.006444631,40.35544024,10.52633487,0,,7.716803285,9.708794495,11.92248803
1987,13.3227095,34.67582426,79.90632192,0.012806763,,33.71108755,2.801572981,12.43238032,3.844475571,9.624936167,23.90226227,20.94807494,49.91010825,8.646585706,90.67455191,5.98260239,10.5616998,3.301409973,30.33050729,13.43549817,17.27661552,7.425687255,30.68349444,10.4635357,57.81333947,5.324264152,8.738724857,2.26401831,80.24750086,11.01665914,19.48596579,44.76227217,1.76440925,7.941387209,30.06859302,43.88202531,3.009959971,1.013323303,9.873168696,,20.71169072,32.59132942,13.47009535,20.07984678,3.883479692,27.12845622,4.782950379,17.03128187,28.81108623,9.475502564,,3.486588612,43.17467661,7.194550189,12.02560081,2.676103399,8.423863836,15.73576427,38.60939007,14.62525358,61.49898868,15.10879816,23.38011414,8.371220015,8.340449276,0,3.092977969,6.250577122,29.35471912,3.641947518,83.14331793,15.08414419,17.26788592,32.75878771,25.21889767,5.313488549,17.90174666,0,10.50417769,0.078698545,14.85744903,15.55307901,5.011465519,4.992504041,19.37896426,7.659531389,5.681145691,24.93052012,1.688040985,15.29204948,9.625896804,41.83848619,73.91621355,9.263819506,,6.018046779,17.3456625,13.41146872,12.17903762,8.411660762,47.65157798,24.90071451,6.711664411,57.35518691,32.37438145,,90.86368872,10.39977416,6.007014601,15.21404847,12.79966758,19.76399931,46.84456611,87.56657717,,8.833661141,10.43573931,1.292147976,6.009770691,24.74356467,33.58018389,5.604387642,3.939566574,1.390257875,0,7.480010401,5.140401294,30.60675893,2.3983411,6.445902092,,7.209032284,,10.98195566,16.33159652,3.570914896,2.239709378,0,6.327239883,21.35020606,1.182764512,2.93417438,7.164284994,22.94538742,45.32771295,18.23484769,1.273889621,38.50004202,90.17132112,16.4932875,0,4.58327049,12.16460723,4.892395543,13.81258362,8.770265825,75.73039759,4.312573561,0,93.58800247,50.34585311,66.76422691,28.0795564,5.435763094,,35.95692819,83.55896017,18.47912915,,3.073477685,27.55908301,37.47621895,,17.90454367,27.07699093,0.518930074,8.817732735,46.15516397,,18.02330819,5.913947331,10.1076654,5.034776456,,6.358221294,12.20061289,2.412370397,8.898325755,16.60266564,51.70655111,8.320877792,9.477322099,13.46168652,1.332783883,29.55399039,1.234350657,80.75182889,32.28236544,17.20727068,87.49972912,5.097537182,0,31.66570436,40.46192786,95.64531685,30.75004509,38.90338662,0.690842043,47.99455876,1.922731466,39.23686469,10.67526631,0,,8.601049571,6.082670804,12.14470383
1988,14.09939669,33.77677989,79.68867479,0.009249246,,45.35508047,3.011023764,13.62018368,37.29771478,9.981871329,22.50139346,22.98127237,50.85743022,8.414028315,90.38929888,6.298625534,11.06283015,4.131605894,25.02433715,12.76432605,18.5572643,9.023837129,33.45396669,12.94893975,56.28060731,7.46239153,9.318912207,1.858877926,86.18076121,9.495443726,19.57360768,44.95504907,1.667242125,7.229222463,14.27195304,44.78512037,5.59173439,1.164834211,9.817985923,,21.85432967,33.81213203,13.45927841,20.24295664,7.361521454,34.83027597,4.844952187,18.34312455,33.84685052,9.744440603,,3.591044267,42.29179337,7.290464181,12.26167037,2.544980441,8.503897241,21.47777112,38.9331167,12.53987256,62.25279026,15.30495687,28.79812893,8.433210076,8.639146196,0,3.15124221,5.139190144,27.69084531,3.984305554,86.62300426,15.37970098,34.93281834,32.12047933,26.936855,11.61573535,18.32154332,0,10.17548715,0.072551004,15.17877391,16.91875534,5.09697218,5.490871195,19.84344795,8.083690086,5.982534815,24.80562656,1.926484146,16.47495276,20.89899988,41.38836129,75.13741523,8.426881543,,5.747402624,17.58378172,14.18954069,11.47567331,8.976232014,50.53361848,24.16709693,6.293083114,57.76586855,32.88283945,,91.6652961,12.13471128,7.265025825,21.60146257,11.90459262,20.13469675,50.24429219,88.04738156,,15.83570251,10.1275655,1.555278369,6.968382339,31.16297594,39.45087757,5.665850854,5.27649828,1.527316518,0,7.528337757,5.468165,29.51466074,2.301680172,18.59620615,,8.630305649,,11.47385977,22.76766347,4.263640505,2.431103758,0,6.290465961,19.28425868,1.653738018,3.022223594,7.059552164,22.78310939,47.7990442,17.82801158,1.138963717,39.50473206,90.99800005,17.05032676,0,4.555869024,35.08144667,5.847898783,13.24312192,8.748220114,75.2576519,4.253569536,0,93.58025257,50.73183851,68.10770859,28.15727559,5.467136719,,36.04421954,85.5017914,18.80179504,,6.075963344,27.90614096,37.88783531,,18.77345743,26.55047529,0.522424584,8.619811804,46.84996314,,16.04500144,5.198005648,10.35537914,5.088675483,,6.460256217,12.87142192,2.774674697,8.75573329,17.09306353,48.32304691,13.52066802,11.66631244,13.95362008,1.30655059,29.94091857,1.230320511,79.91490432,31.27835935,17.48678436,88.23433414,5.371499879,0,31.43198195,41.89458587,95.0669727,30.38052891,38.85964522,0.614740987,50.93948014,1.928124807,40.47012461,10.72497254,0,,17.70916505,10.71421117,13.07762947
1989,9.843729691,32.23991446,80.11608346,0.007762652,,41.74680575,3.145999264,13.90106265,40.65973223,10.70426777,22.83649094,21.94801305,50.78605733,8.751729335,90.50873954,6.428490365,10.634448,4.308618351,23.96364301,13.21130786,17.24232107,10.45287117,33.75788075,13.81156516,58.036002,7.004055758,9.505240491,1.960925748,93.53418599,9.337748198,19.26710055,45.32986517,1.549060818,7.408452504,23.0707981,36.70646784,5.516965907,0.969499096,9.108386911,,23.32844955,34.29667469,13.28686926,20.58073286,6.036733257,32.21974252,4.648328499,16.67235437,36.55256077,10.15533376,,3.402721008,39.29509944,7.546934621,12.80689398,2.436529147,7.869889652,22.30583102,39.24307313,12.32255614,62.32974267,15.03938376,32.25088356,8.175407347,8.425183547,0,3.443258986,5.971316381,27.30412313,3.793011706,88.54397032,15.7395303,34.97866935,32.23433043,25.47838666,10.95333376,18.87690242,0,9.995583937,0.07054126,15.8221437,15.619977,4.71194299,5.566270645,19.88368698,8.602249288,6.000411716,23.95591208,1.933382603,17.37377418,19.84634402,39.76929928,75.45680831,8.435538255,,5.751993343,18.00722858,14.3250658,10.99717273,11.10794746,51.44663195,23.85831814,5.965784184,59.18763142,30.37964415,,92.33076727,12.82272071,8.664404523,26.02040629,12.01328126,20.84458662,50.29307251,87.47479023,,21.35769381,10.1958352,1.595058649,7.233487653,30.66968532,47.30355346,5.541645772,5.109011526,1.493689652,0,7.413274523,5.563086568,28.7396565,2.209015057,27.13423568,,9.912448607,,10.49633243,20.17821994,6.066776793,2.364259429,0,6.384043782,22.25257128,2.166115786,3.319977082,6.187926654,22.90329366,48.34740966,18.25146787,1.006428771,42.81345374,90.55810227,16.60466992,0,4.592751639,32.6629728,5.615691868,12.80228346,8.691103133,72.98131072,7.090319399,0,93.57114533,49.46621735,68.20939092,29.80424491,5.44265767,,35.77451231,85.56045053,18.18533921,,5.605369855,26.95023386,38.16616154,,17.96373904,27.18819346,0.542418036,8.759041434,45.71483174,,17.07770406,5.717740142,9.805626155,5.022047662,,5.801857182,12.1563234,3.010562187,8.81914042,17.50972827,46.09297647,15.38044566,10.88781297,15.59115626,1.234374667,28.95174802,1.363464006,78.85958014,31.5643842,18.22560098,88.41169268,5.208661457,0,29.92722123,42.52043351,95.21819887,28.76543965,39.53388095,0.653335931,51.39718811,1.806444966,41.06644807,11.03679981,0,,18.46955862,9.045634737,12.58467784
1990,10.73017508,31.16281011,78.96421157,0.007698405,,31.02216455,3.225988736,13.40842825,45.41735112,10.7631709,21.42931391,20.27575938,50.73993796,8.56999773,90.11030684,6.625367023,11.38916843,6.035057553,21.64385036,13.31740259,13.89750143,7.559271418,33.6826142,12.39723369,60.10776636,6.058397465,7.833946604,1.919630401,83.62585247,8.399347592,18.42847097,44.87718005,1.393400543,6.944560397,20.73544674,43.1500029,5.200200294,0.679379847,7.956301347,,25.1362184,34.76500303,13.75773809,21.18204785,3.694462145,25.34756893,4.464839667,13.52267328,37.93585367,10.39164578,,3.226762028,35.35283131,7.650310869,12.79428817,2.42837851,8.184606547,22.03771319,38.82009107,12.18903149,62.11603127,14.99155034,34.98305394,8.096510683,8.094791727,0,3.492358053,7.606849349,26.85219339,4.947975778,86.20283585,15.60859227,34.45409264,31.87719446,22.52590382,10.71646405,20.64217438,0,10.35810053,0.065234488,16.06150037,12.79821909,4.285897615,5.69324278,22.21770022,8.807554485,6.020928756,21.27924103,2.048154336,13.10297371,17.85390499,54.91496597,71.00972787,8.706222296,,6.183109505,18.23203484,18.90443065,10.28527807,13.54259627,48.77735601,23.87005406,6.520561455,57.13268287,27.95586239,,88.65341561,12.18306886,6.384522361,29.94836734,11.56451531,19.06507681,51.07911353,88.74058811,,21.30775867,10.07634144,2.750428169,7.316956657,26.55885787,38.43770034,5.864436734,4.754924413,1.437822925,0,7.373242752,5.516096184,29.9529995,2.120080511,34.79661957,,7.668731637,,10.34275929,14.63967384,3.681920671,2.183214205,0,6.392307257,20.9144024,2.58461596,3.434860728,5.902440671,22.63413465,52.01050781,18.69416923,0.88849733,43.42101069,91.0414754,16.92796547,0,4.648803196,23.14507012,5.301149445,12.46242453,8.907720886,69.49163264,7.164311023,0,93.12354015,48.29734954,67.69162816,17.2552842,5.611267665,,36.27862476,83.91592824,17.39617654,0,3.987923241,25.01650009,40.87567465,,17.4390534,32.84114068,0.604436103,9.509507078,44.31980216,,16.46587028,5.140160769,7.36899697,4.999143405,,5.453581568,10.88110678,4.628447798,9.632833421,18.87657434,53.42859047,18.39098493,8.853817697,17.11265168,1.343989604,24.87401329,1.632253881,77.93867783,30.58442385,18.04339755,88.56479831,5.390981999,0,26.74067245,47.80745651,95.06424639,27.95178638,39.58085917,0.700012701,51.97927374,1.728013532,42.93259128,10.87224576,0,,16.96492263,5.686894641,11.41816842
1991,11.69235371,27.39470798,79.81756268,0.006967871,,36.61064152,3.173770749,13.85309691,43.97068598,10.47518282,21.99753339,20.92692733,49.60329454,7.96768622,88.94434035,6.833948134,10.0308721,5.607447306,21.03695328,12.89521097,17.48966457,6.589587493,34.38697513,13.53659221,58.34060539,7.841221479,7.183245711,1.856462264,87.46749586,6.720922711,19.08760387,44.66906653,1.283819467,7.308030504,24.19330442,42.92489558,5.38049588,1.016773057,9.212465989,,24.38055017,34.94029479,13.73294838,21.59136868,5.195884695,29.7141094,4.471486784,17.49384867,40.62290563,9.998519816,,3.337466567,34.42840601,8.69682843,13.20975279,2.385625953,7.782389279,20.48892787,38.62878118,12.32196865,82.76552974,15.50385451,34.68929713,8.083831052,10.66552829,0,2.990581034,7.642785018,27.53974743,4.606441947,87.20274499,16.66876913,33.91347205,30.27215407,24.57242418,11.46971368,20.36659876,0,10.18042299,0.059343731,15.22511815,16.62142693,4.597646235,5.141185635,21.87103569,8.32921393,6.139154542,22.00658921,2.047239599,13.54104043,10.45621434,57.18841369,52.90873884,8.500115,,5.952025522,18.86601495,18.21268996,10.45596039,12.62959463,51.42202959,24.91021522,6.510786496,57.11968619,25.63945687,,60.50148249,12.28924159,7.142262605,31.8539182,12.08720633,19.6735534,52.1886418,89.07869133,,22.14682986,9.098042697,2.661795421,8.233669254,29.07079531,43.35659043,5.785758674,5.274408165,1.426364838,0,7.428955739,5.020694712,22.40140889,2.054255458,39.44235532,,13.04655333,,10.43068421,17.72840834,4.082677469,2.2825949,0,6.493584253,21.98452203,2.768154548,3.49046079,6.848572638,22.65362431,53.22329456,19.61928844,0.777053265,46.81247253,90.24889547,17.51040629,0,4.576384724,10.07150446,5.954760826,11.95247212,8.880882861,70.5331051,7.060131229,0,93.21705372,46.82744042,69.11129542,17.1852623,5.612260061,,36.60640967,85.5357523,17.98095086,,4.472814114,27.70425151,46.74318007,,16.84866141,32.68942286,0.79237211,10.7268206,44.27161984,,16.07870451,7.221847094,8.137854573,4.9323107,,5.349061508,12.30801947,4.677385095,10.07244846,19.0541895,57.15828296,16.30410935,10.11463072,17.92095789,1.375448652,30.86584929,1.698633073,77.60077484,31.79806411,17.97143808,88.72576779,5.238667932,0,28.95333683,47.43989691,95.11520906,28.89948318,39.4609109,0.673391108,53.65062815,1.609513253,43.88643977,11.15690966,0,,18.01806269,7.577889721,14.03782117
1992,7.239429738,24.45223355,81.25918923,0.006302124,,25.61762712,3.167396124,14.21783516,43.30237893,10.41033392,23.99514544,20.30048618,49.31254901,7.022894471,89.58374093,7.029068401,9.366178998,5.951662075,19.11563023,12.58259459,15.2644998,5.334893841,51.6900039,13.27730743,57.41417958,6.075585778,6.530474276,1.863226543,79.41561122,7.861062255,18.62948488,44.26641803,1.088608407,6.769589504,21.95706212,45.24986642,5.252410041,0.828005497,8.63946997,,23.10894492,35.01450166,13.76512764,22.0007023,2.833082486,21.52796081,4.62449943,15.50329614,44.5005245,9.237367602,,3.169738367,32.25252448,8.834964063,13.43446625,2.37201957,15.73882167,19.65786396,38.14442838,13.13028071,88.51563953,16.48472255,30.11464075,7.607517719,12.13964657,0,2.829252678,7.834800642,27.34533566,4.829830815,83.13826822,17.19840457,35.67010065,30.11089698,25.96323673,13.68730881,20.94395619,0,10.05690868,0.05368777,15.47523069,8.423182497,4.27325338,6.93660901,18.8877291,8.813745199,6.365481734,20.78679738,1.988792562,13.43310264,11.53430228,57.04219676,52.91583836,7.725387299,,6.368387873,18.93553525,17.43785154,10.17062782,12.75300248,53.27240547,25.28248613,6.250284122,53.57454718,21.48012266,,90.25744642,9.808546693,5.616929459,32.25610935,12.76297372,18.09490645,49.84783177,87.81800834,,20.99334284,8.579531157,2.932363793,7.78901941,23.75770635,37.47162847,5.721607911,5.093541179,1.412809819,0,8.078382028,5.223825862,22.6311369,2.041699171,35.57217816,,11.04161571,,10.53949635,11.54830888,3.09270512,2.069829812,0,6.808807463,21.92438965,2.896142988,3.619258257,6.590219221,22.79904529,54.18609048,21.59974092,0.678225243,50.56854828,90.01846478,18.09747725,0,4.940375564,10.95135705,5.761837467,11.70535663,9.326496988,71.49915839,6.950722726,0,92.90193515,47.14180637,69.80679511,16.99322888,5.835260411,,36.86027972,85.31810174,17.37113401,,4.088512884,26.72001466,49.46764345,,17.00211171,36.44436524,1.096998906,12.24524945,43.44693549,,16.49459697,7.165318747,10.18420212,4.887724097,,5.270474206,10.81282582,4.228369485,10.44820206,19.05757673,59.85497033,15.04756463,7.652375065,17.23098144,1.315129557,30.28230015,1.791041959,78.15969371,34.29832711,17.7077763,85.20597662,3.085245183,0,27.86437143,50.43649246,94.95718149,27.58202405,39.51621247,0.630059739,55.12552142,1.432257606,43.8722166,11.17204633,0,,16.57581873,4.242679475,11.41338778
1993,7.464907309,22.39918233,80.74449564,0.005683064,,40.77449801,3.041316103,14.85480964,44.32172046,10.52251969,24.95687698,20.25919727,48.98232411,6.808108702,89.90160821,7.382241263,10.35543402,6.178686205,19.41610475,13.0572067,16.54594485,5.358228139,51.46556394,14.1326751,54.58777556,10.14916466,6.414957074,1.63632542,84.5393416,8.284475188,18.88198958,44.67770247,1.036677654,6.828756729,24.11681017,44.00527347,4.452324144,0.944074885,9.322475693,,20.87089513,36.13863945,13.63634814,22.53437259,7.295550207,34.25868404,2.081097146,17.22969771,45.26041382,7.837093721,,3.065922136,34.2438925,9.243929826,13.69790209,2.359638796,14.56740422,18.51773354,39.09934801,13.22027394,91.10054583,18.84778743,25.26894711,8.480756178,14.97158365,0,2.635492486,8.063308963,27.33048592,4.376176012,88.27675032,18.10843804,41.84495659,28.70560009,29.3242388,13.10777209,20.86500765,0,9.915469429,0.048303564,14.38810812,9.654179774,4.356394021,6.213044843,22.12389329,9.057905894,6.421306548,21.97685802,1.988610516,13.51463379,18.758572,55.73381693,51.45474637,7.827271481,,6.912014716,18.88028326,17.3133667,10.11670255,13.13592782,49.74004719,25.52079942,6.099412992,53.53584788,19.30824575,,92.84059787,8.821135294,6.494178384,35.86899046,13.16897845,19.49460845,49.10911721,87.45505647,,26.13496032,8.51832999,3.005154657,9.510344929,30.27086243,44.44411187,5.88485388,5.298971131,1.607514371,0,8.176529735,5.245448779,22.53383573,1.980982363,36.20688427,,10.15258076,,11.43481712,20.75135802,3.327462824,2.694834095,0,6.57239683,22.39826941,2.971208306,3.623926245,6.03589487,23.29349942,54.76751166,21.82251074,0.590212089,52.54971181,89.80229975,18.31769712,0,4.948391958,20.8184388,5.319420816,11.30370695,9.367168169,69.14018869,6.815739241,0,92.90002193,48.284574,69.9390744,17.76445197,5.687285868,,37.24782927,84.78485367,17.41568638,,4.179193514,26.97178845,53.78476478,,18.91951625,34.38542464,1.003125151,11.62209318,45.37493846,,15.7223442,7.122424496,8.333737328,4.714737958,,4.962954892,10.71050188,4.342721437,10.47902577,18.27489568,65.38277752,14.78556379,11.22511834,17.45767405,1.290609147,33.03447624,1.872320227,77.75578926,34.09947064,17.23234087,84.84364595,5.515670195,0,28.52955767,52.55411916,94.53074983,26.0792495,39.54542404,0.579958534,55.90077922,1.32300662,45.66070031,11.70917302,0,,17.86079494,9.812135658,15.72371926
1994,7.370873282,19.61722476,80.31522632,0.005104409,,35.4890354,3.089258733,15.87382411,47.90481125,10.63331031,21.13505498,20.16723167,49.39600744,7.03629554,89.73837889,7.533833878,9.927316093,6.356097726,17.81368091,13.15825757,16.56393447,5.329693808,50.30909688,21.01138315,22.57259399,9.017744865,7.004150827,1.64986608,87.76630229,8.240047296,19.05029545,47.34741402,1.72662785,7.629358955,17.40084363,39.41315828,4.682774747,0.939041248,9.680505515,,21.34866022,36.79185062,13.97356334,23.4415531,5.966188567,30.75275033,2.568187212,18.18025661,45.58032199,7.194426137,,4.601442647,32.7346317,9.760476234,13.97714501,2.443072586,13.2006738,21.78149115,39.46851755,12.76788812,92.55890448,18.83857933,30.40236922,8.89095274,15.37748553,0,2.513524807,7.463818191,26.4917202,3.389419224,86.98625585,18.2027296,36.71793271,28.1789699,31.1818861,13.53555707,21.06653317,0,10.0855862,0.043203585,14.6499025,10.16536483,4.524180425,5.080067934,22.78631291,8.63434505,11.75476001,22.7028394,2.016969168,13.80410027,12.18923326,57.99914913,52.35543397,7.685233879,,6.445449184,18.58094052,17.71910375,9.976991768,16.21114986,44.49265488,26.37989864,5.967000662,52.93507039,17.5588733,,93.85596406,7.265915647,6.891441778,41.47312348,13.0494788,20.28178504,48.23482054,87.38433338,,28.73362096,8.1481531,3.033069469,10.14147195,29.72021036,47.36890041,7.297875606,5.410911508,1.54303899,0,8.712191748,5.710745647,23.02012567,2.014171069,38.02047054,,10.10488305,,6.354896601,18.3990326,3.634772984,2.688358558,0,6.646728628,22.22912073,2.993332194,3.456655531,6.188630927,23.49342685,52.80699913,21.40481536,0.510260812,55.43231723,88.61831801,18.66243641,0,4.847936542,10.9654983,5.615100758,10.83042052,8.999041586,69.6522705,6.604382273,0,92.35405724,49.7993299,70.45494203,15.91996959,5.614150814,,38.24733188,84.72416223,17.81963398,,4.697154522,28.22932536,56.11380327,,20.86646148,34.6906178,0.92236796,11.299996,46.0027691,,15.44491427,7.096703288,7.263928498,4.939860874,,5.332719309,11.80154598,6.329946926,10.40594813,18.0636482,62.75077626,13.13672615,10.64135085,16.8709846,19.9906138,33.693325,2.1034506,75.3141463,37.60199874,16.69006902,76.93159995,5.568211808,0,29.68497693,52.89481196,94.51890219,23.14066267,39.6798024,0.557944331,56.69729974,1.287779818,47.96796748,11.92606352,0,,30.94757718,8.336706187,15.0370051
1995,7.15559501,17.17381841,81.64365374,0.004556543,,38.05522985,3.10697092,17.2570167,46.0272376,10.38624819,24.78018873,20.94677671,47.22388673,7.246369494,89.47429721,7.803883586,10.654369,6.482003783,17.29604414,14.1089589,15.66598038,5.285622149,45.29223518,15.55628905,24.22898458,8.16902911,6.383907547,1.676346726,85.67504455,8.572509108,18.55417445,49.46698396,1.606616707,7.231308493,16.52070248,39.67448293,4.956220044,0.7971955,9.145948717,,21.36669247,38.05132111,15.15595417,24.19866423,5.909391167,33.01683189,3.528073371,17.15928597,47.20553724,6.744477207,,4.093472135,32.77238362,10.13189548,13.78177528,2.549814173,13.66437035,21.6701855,39.98585726,13.65602029,92.6391507,18.93417519,32.28729369,9.133464255,15.25274369,0,2.369088758,7.363318444,26.49062263,3.46340746,87.65926628,18.00058555,39.72321494,28.64218743,29.42375951,12.76757166,21.38821148,0,9.928689811,0.038372637,14.9857991,11.34647713,4.310636806,4.337704757,22.73938813,8.955172263,18.60941474,23.74584273,1.917211942,14.19421835,21.46766169,57.96504863,53.73002153,7.611023198,,6.30583996,18.1159572,17.48424613,10.14264373,16.70888328,45.87936949,26.71920371,5.853954292,51.22815925,16.81681982,,93.3212331,7.244038638,6.624795118,41.92566463,13.5214881,20.97819002,47.9134433,87.64622114,,32.02491432,8.131114239,2.812383099,10.76600273,28.537793,47.15744237,8.243541165,5.160607546,1.932945401,0,8.935796304,6.338641552,29.48109085,1.886463056,39.67661476,,9.197279906,,6.666277987,18.22210292,3.396585337,2.762866159,0,6.460389317,22.36727972,2.967777759,3.486470594,6.967919988,23.70344728,54.00574036,21.91343366,0,57.6819676,88.9321135,19.03265673,0,4.580556393,27.8963415,5.139675348,10.8104491,8.973492456,69.60500439,6.250134405,0,92.28043417,51.58867339,72.27597955,27.2703363,5.792557474,,38.58395301,84.2296464,17.72679516,,5.002835469,29.37119015,55.83863105,,21.94829434,34.01262528,0.890420637,11.42773195,46.45219831,,14.71547793,7.399842758,7.190379384,5.053627255,,5.418615082,11.27536593,5.789537597,10.77180382,18.03389257,62.34059031,13.06535942,9.947158451,16.57505714,26.90880783,33.57739118,2.111939525,73.83734522,39.3759966,16.73418548,75.62924534,5.519051367,0,28.5103163,55.76018996,94.55514556,24.470989,40.02174751,0.586900519,57.74689413,1.269320675,49.73977659,13.29031559,0,,29.01810716,8.169799611,14.40502403
1996,6.700680813,17.79777093,81.81462815,0.004483741,,46.25207447,3.091481546,18.2498775,48.87613152,6.652834208,24.81245276,21.61975849,44.79385072,7.6398655,87.73773102,7.95429247,8.610284783,6.900289966,16.71360062,14.68763827,13.91544707,5.243189471,46.05353718,14.5917652,26.18361552,8.839812653,6.425398608,1.772495157,91.25247508,8.937642606,18.38166485,50.95113444,1.794242583,7.623017129,17.66705092,46.20571721,4.755419076,0.749448297,9.414072029,,22.07681027,38.47127776,15.53044489,24.8239209,7.806917121,41.15618465,4.187384033,19.02792755,47.42528295,7.348539554,,4.04072326,38.74572009,10.99940838,13.78204909,2.536525264,14.01297014,22.68120782,40.59287156,12.98091365,92.97415203,17.91353333,40.1469485,8.817891416,15.09272187,0,2.300432701,7.720667056,38.76957998,3.321182589,89.2869275,18.40729049,41.75445156,28.22878341,29.39867314,12.05487351,21.4855002,0,9.556075181,0.037544403,15.10631259,16.20193589,4.353457289,4.271527188,23.87684954,8.750526107,23.98754516,32.83842166,2.058219636,14.22939292,22.96685744,58.30943244,56.08349213,8.852322811,,5.860492318,18.02027391,18.57423693,10.56854155,16.38447926,38.06525262,28.34527939,5.80900866,54.86155571,16.602013,,93.28887881,6.688639673,8.946695303,43.48052123,13.12568327,22.53185862,49.0039254,87.54438738,,33.29467768,10.10534891,3.12397395,11.92639841,29.78365085,55.98408636,8.123004317,5.182771281,1.267144638,0,8.709504992,5.959972231,30.70197827,1.93458687,41.9044293,,2.494745703,,5.763805579,20.98887517,4.539992211,2.945998114,0,6.473449311,23.77824513,2.922033419,3.749503333,7.265368954,23.8853097,57.49813009,22.44629503,0,61.77271792,88.98059773,19.11427582,0,5.167193632,24.09795911,4.972202565,10.73456769,12.00169588,67.88579074,6.247848165,0,93.062892,52.60081019,68.99992019,27.47908509,5.751270868,,38.75766738,84.13734984,17.66725387,,4.938731717,29.6021478,56.25542412,,21.60257656,33.62050865,0.87223756,11.70626886,45.65305902,,14.61334861,8.746770002,7.755924061,4.994961175,,5.304884392,11.2118123,2.182180075,10.90259296,18.57836053,61.7077412,13.58679992,11.36904903,17.00625765,1.11717326,33.89706233,2.055561149,73.73256116,42.55772629,16.72426102,74.22902353,5.345945122,0,28.75907025,57.34403498,94.58907195,24.848341,40.629291,0.591384938,59.00684537,1.257984786,50.78900768,13.92330505,0,,28.86602861,10.49136303,13.59377638
1997,6.523964066,17.89964353,81.95877458,0.00442174,,67.023927,2.804186194,19.24698454,50.59546721,25.06529608,24.72135951,21.39995978,42.41722898,6.860477575,86.36428379,7.972389033,8.493248998,6.22876574,16.04547092,14.84661099,13.48539282,4.074835292,40.84837597,15.42857895,41.22571139,9.216053341,6.499835216,1.520462203,91.15640555,8.940549671,18.07780869,51.66752607,1.717419354,7.449306303,16.98054327,48.34898177,3.694631262,0.776531838,9.057799831,,22.75224353,38.52292959,16.69916104,25.04134015,8.612756775,43.57744742,4.456457916,19.40484784,48.11283406,8.731944459,,3.730227041,40.08250161,12.12833863,14.13353761,2.434935435,14.69887681,22.81457662,39.82331505,13.5366022,94.82266935,16.58574682,39.65809727,8.829434776,14.92137896,0,2.217228426,7.932914369,39.05733769,3.210664107,88.80787979,18.80707364,36.52121013,28.43364928,28.86855912,11.80897957,22.34367648,0,9.458659257,0.036747759,15.80961975,8.2038882,4.347552502,4.228852477,20.82670863,10.45154343,29.0192579,32.39336648,1.778309945,14.58965527,5.030706473,58.95709529,63.9336905,8.012249279,,5.840598544,17.70753538,19.07608046,9.393736878,16.58861968,50.43233891,28.60973711,5.651974982,54.35656222,17.00830192,,93.19110189,7.974662836,9.201023641,44.26738052,12.91989705,23.31162522,50.60457473,86.34879406,,33.37626605,9.295986698,2.892037506,11.53445456,30.68373245,58.14356544,7.716964225,5.142211035,1.306994476,0,8.394920541,6.360628279,31.11280275,2.039436579,43.54274669,,1.464836346,,4.311204656,21.709569,6.161271771,3.008658426,0,6.528610752,21.26044627,2.190641341,3.87676166,6.962706928,23.99672029,54.83493422,23.91232287,0,63.65234763,89.46003613,19.21094009,0,5.566623504,3.370304421,5.188617438,10.48798606,12.1602627,66.93824124,6.411600375,0,94.63193378,50.08922005,72.42617315,30.79452241,5.709469043,,39.11550296,83.93343603,17.52333226,,6.001953866,30.81354461,54.71530969,,21.36216219,37.03873249,0.862277108,12.0714417,46.6028741,,14.65910227,6.200133028,9.902753239,4.710564166,,5.100566931,10.81752076,2.309375511,10.86757312,18.49880615,62.0324297,13.85163421,11.70654676,17.49035033,1.005960662,34.60401854,1.902280601,73.99213984,46.9304395,17.53297401,65.91752724,5.116308448,0,28.53280544,59.88795362,94.22877767,25.12143004,41.69508369,0.640164103,60.20204989,1.261195984,51.69155605,14.55519257,0,,29.10400166,11.29346424,13.22211276
1998,6.47483307,18.20316381,81.72424937,0.004376195,,67.53730041,2.575246759,20.52794468,51.58125797,5.555752845,25.88311788,21.42235221,41.80423084,5.642735632,86.90420933,8.371587185,11.2339129,6.381829989,15.24334535,15.31994071,16.18243063,3.736400198,37.69933394,15.49577337,42.94969922,11.85378276,6.165371356,1.507467536,47.70554486,9.482089313,18.06991592,51.78885321,1.604899843,5.550998761,19.59874709,40.69975476,3.341614408,1.277316261,9.497774128,,23.50820392,37.20149482,18.39265232,25.02334757,7.70983487,47.79959711,5.210871093,20.29068262,46.81928254,8.211147246,,4.010502261,38.49979916,11.81358105,14.05650952,2.50037986,14.66497701,22.09799073,40.53561914,14.39815902,95.48866058,12.2934071,36.0452845,10.03593461,14.50801915,0,1.950815301,7.601396147,39.59357066,2.955657385,84.64245867,19.30212823,35.02515394,28.51425753,30.19679618,11.56086006,22.87206689,0,9.344098872,0.036061433,4.247863822,8.525515279,4.11015446,1.651479845,20.90237268,10.83040009,30.03299393,31.40149506,1.734923189,14.29196717,15.78773003,57.90624879,68.60952659,7.574145726,,5.613503718,17.21717967,18.81688915,9.544067444,16.95251883,55.77488903,28.12022869,5.622292503,54.02299387,17.4701524,,92.63412257,7.671913678,3.435649024,45.75960366,12.55686958,24.00169599,51.14952615,85.07209607,,35.09542058,9.891327288,3.011017204,11.39865143,28.76040197,45.25047142,7.837099421,4.966270004,1.143681034,0,8.319670735,6.570971071,27.1323495,2.032023528,48.19492608,,1.256740512,,5.153498687,15.96241903,6.736539452,2.999218413,0,6.559940171,21.34756312,2.0576997,3.693657716,5.850106069,23.94978438,52.84938469,25.33989073,0,63.75190031,88.8577592,19.49063492,0,5.481341313,32.70699189,5.572272414,10.01576619,13.04500806,63.36738197,6.924272702,0,94.81669534,49.88434989,64.84447494,31.66806906,5.617802518,,39.1876516,83.9941714,17.44915858,,4.865640753,32.10859228,53.13228092,,22.93890652,37.83207175,0.895910823,12.36440452,45.81249353,,14.11005466,6.187564358,8.13590438,4.614737303,,5.191124811,10.67530765,2.595107173,10.48358439,18.74566607,61.39479308,14.12823855,9.959611052,18.25375123,0.808870586,39.90721891,1.716196853,73.24498336,48.62244857,17.61115924,63.28298893,5.366362001,0,29.90803248,62.44534229,93.9776264,24.75422166,42.28126154,0.738995375,61.42651828,1.247706941,49.1821283,14.4111166,0,,27.96346256,9.746725145,12.95540945
1999,6.324854697,15.8043642,81.9822924,0.004332861,,67.6059114,2.765673036,16.07037675,52.54143711,5.033056751,25.08397511,21.59489652,43.62216228,5.560817253,86.49734636,8.454058811,13.24108315,6.101294199,14.61349848,14.63331181,16.89563791,3.963316725,31.67811578,7.729994164,40.58318683,11.44547541,7.010938131,1.587856014,91.07108176,8.747839966,9.371569402,34.58512543,1.808302061,7.154066233,18.94303082,44.68785468,3.53653164,0.853834736,9.092862947,,24.15636334,36.2080816,18.92634229,25.07672849,10.31836204,53.635524,6.213102462,24.56474169,46.94035487,9.498222953,,4.061369207,35.88585428,12.45794926,13.95030518,2.752947011,16.41393008,21.2384698,40.95912226,13.65445892,95.6006392,12.13370114,35.45544386,11.43970573,14.4413179,0,2.361585412,7.472269377,39.65324803,2.894615411,88.3386135,19.22380961,34.5178365,28.58968648,31.87529503,11.18939455,23.06919151,0,9.150862542,0.035352425,16.46172576,14.95442815,3.820086142,5.906822519,20.75662289,9.688181404,29.85919193,29.9990557,1.636524035,14.15400187,25.21582502,59.1667157,71.47724315,8.043502573,,5.3215652,16.80911932,19.26253239,9.805306865,16.88854739,57.863574,27.34181872,5.591645494,56.75304433,18.53792801,,91.82043911,7.476061861,4.025021956,47.92194414,12.30499529,24.45059715,52.30453701,84.47527368,,36.13595033,10.13307068,3.260592811,10.32131481,30.94222603,59.63532979,7.931980572,5.057557166,1.01843953,0,8.016536015,7.184671019,29.80416994,2.060936437,50.08360892,,1.718503523,,4.612002468,17.82193953,5.932608157,2.575869248,0,6.525794162,20.61978419,2.184139435,3.84019405,6.790768264,24.07283636,51.74397714,28.7809547,0,65.44571092,89.24934631,19.90604732,0,5.874205219,31.61111525,3.975554133,10.03364072,12.19801324,62.78060004,7.525134428,0,95.61512425,48.74825146,72.0953417,31.06146736,5.583111955,,39.43768713,83.34408889,16.58760407,,5.073826523,37.67797439,51.43653902,,22.49334768,35.97631812,0.936821716,12.65549207,45.60698329,,12.80417028,5.776800008,6.839767941,4.640412589,,5.113130784,9.939519088,3.19634038,10.05478843,18.13083668,62.33982189,14.09813297,12.77888313,18.87394342,1.072328608,40.45851956,1.569643505,75.56514523,49.14906013,16.90625433,69.28307412,5.393719127,0,28.72403244,63.62080131,93.50377325,25.25000746,41.83370155,0.793236742,61.07602309,1.23158939,50.70465797,14.58899358,0,,29.42646215,10.91061343,12.51925245
2000,6.98709575,14.71546403,81.47867122,0.004293136,,64.99314654,2.795359391,16.5182763,50.92042133,5.70944765,24.79862857,21.78447598,43.51837081,4.909576751,86.75334753,8.883551435,11.08142187,7.004549038,14.92228655,14.47844244,18.14654925,4.393293455,37.64735268,16.0627213,35.30492952,11.45331934,8.091378271,1.643413381,97.60029053,9.286217728,9.087266013,35.56502601,1.885595019,7.473280848,15.62484517,47.49223652,3.338601159,0.781683199,9.058824814,,25.14334748,36.16575922,19.47664347,26.12284665,8.464509053,48.88560103,6.935385085,18.59303317,47.33470339,10.31569572,,3.65291651,43.80363779,13.04458623,14.14739321,2.534630403,16.49094872,22.37098725,42.27487109,14.04764026,95.6290264,12.27891127,38.3043749,10.93698433,15.38562994,0,2.084567046,7.444654181,39.96129106,1.628494275,89.93372646,19.30732043,33.28255871,27.90812535,28.91957907,10.70462691,23.39639257,0,11.57736361,0.034668024,5.092609309,16.0200919,4.166097558,6.735559215,17.53936269,9.145342912,28.88981104,29.10767324,1.657353663,14.64641293,26.98837619,61.01401109,72.4059873,8.569597449,,4.914833187,16.21506888,19.43033795,9.474196583,16.36127876,60.53719359,28.99697559,5.43753599,58.72123261,19.10062596,,92.05785011,7.341540108,9.709292186,49.07551798,11.89928501,26.60888466,56.26860032,85.73440231,,36.32793457,10.17841696,1.969898445,11.36791434,30.50566165,60.87205664,8.285387105,5.091646271,0.748837553,0,8.015309851,8.778630307,28.9173665,2.08381741,51.25252301,,2.872590789,,4.233874699,15.9391162,9.199805866,2.344565276,0,6.626917989,20.64436325,1.62784401,4.093811546,6.447665561,23.9289788,54.35996825,30.51348913,0,67.7535703,90.93384993,21.03833885,0,5.780440365,29.4149255,4.809557091,9.344527031,12.31363811,66.91458584,7.407211479,0.002417984,96.01178954,48.6509384,72.48687307,24.50420862,5.481673171,,40.08513612,83.75361163,15.40176259,0,6.551096828,41.548858,52.68708519,,21.10435905,37.31101813,0.931201494,13.0742507,45.81915093,,12.18868436,6.674369224,6.62587387,5.169695089,,4.923545944,10.34267348,2.924030897,10.64445164,17.79020864,63.08669431,13.72263417,12.76137284,19.74115042,1.055673577,38.80641781,1.509837679,77.73876145,48.98855222,16.59376104,76.67635677,5.453443199,0,29.31077149,64.33672495,93.68458631,25.40131451,42.26932132,0.848280239,61.73559679,1.240460173,49.77769235,19.15882255,0,,31.72281996,12.1425376,12.82331379
2001,7.497991901,15.33261955,79.96331818,0.004243273,,63.52039599,2.682644061,16.63602126,49.18273114,5.512375556,25.71614069,22.52087615,43.61095373,4.807539204,86.64602468,9.153087042,10.92788585,7.082783585,14.57239786,14.5638975,18.98528181,4.2586733,41.00968495,18.39215844,42.93086269,8.493090103,7.570066545,1.584668942,96.4427221,9.519471895,14.89222833,52.77340957,1.78397627,6.980810057,15.14171144,47.85942213,3.226190273,0.573271289,9.432957432,,26.23667177,36.5726303,19.52131924,26.81142617,9.415079044,41.55857166,7.786125504,20.09748758,48.2754104,10.35436033,,3.546716689,43.24714519,13.24994998,14.79312202,2.693021788,15.71849688,22.35232406,43.34213483,13.09720067,91.75716868,13.32933151,38.78933066,12.55257834,15.4960291,0,1.939002905,7.724759016,40.0028991,1.495991328,81.55848148,18.16689276,32.65394859,26.57191347,28.83480613,9.891970469,23.28084814,0,12.51256924,0.034005501,16.04463971,13.94857019,3.6710024,5.566158212,18.59140298,9.127108612,28.76287747,29.68354475,1.491316542,14.71655154,23.30424281,60.88804464,72.42099739,8.643820159,,4.575179312,16.06040023,12.76039595,9.918216352,16.38385365,60.12662687,28.81420336,5.412981368,58.51460129,19.59980951,,91.70000933,7.285022761,9.268723167,50.4330147,11.5105321,27.57723099,53.22241487,84.6897914,,37.70609723,9.472905588,1.904911475,11.20086615,30.99562932,61.99357155,8.129974613,4.927134678,0.736041396,0,7.951073433,11.32358321,32.30474775,2.105221853,50.29386845,,3.731673071,,4.172141451,17.40186315,7.08424661,2.561287636,0,6.63612425,21.9445451,1.583813751,4.138552072,6.625006079,19.29068247,54.04407235,31.42823372,0,69.86918647,92.09237156,22.09894382,0,5.106993807,27.82951774,4.331393597,9.948266233,12.57080299,67.28614609,9.856483,0.002322385,96.08578035,48.01016895,72.99204991,23.44931525,5.072367797,,40.183563,83.38045341,15.27542044,,7.236438486,35.67052834,56.82858558,,23.02373155,35.5964462,0.903336969,13.3382847,45.31106637,,12.09150594,6.810330492,6.436432346,5.040554242,,4.805166429,10.53046619,9.19438196,9.821533044,17.88312658,60.70996135,13.62651524,12.95658466,19.60730843,0.981514876,40.95996391,1.477622125,78.04730253,49.75637359,15.93357024,77.43852039,5.760327466,0,29.6427823,64.2774358,93.1717638,26.41358886,42.95940236,1.155400593,63.11103635,1.25958563,46.12881069,20.17699745,0,,29.78990472,12.45059091,11.55697622
2002,7.287866268,16.63177612,79.70610488,0.00419568,,62.97195291,2.667006109,16.55760279,49.0132623,5.611451311,27.28336504,22.78856165,43.28745477,4.665171061,86.58959136,9.327397837,10.11903375,7.000636075,13.65166502,14.53018274,17.19084158,4.251968324,39.32828572,18.68727472,43.21438281,7.822343728,7.736179587,1.61540919,96.12163297,10.70887343,14.15303521,52.78757749,1.709954839,6.216290926,17.35611626,45.35473914,3.151594769,1.036084546,9.494998417,,26.15573595,38.23895717,19.73102648,26.91348179,8.499848216,50.83764586,8.269621371,21.822176,48.91051599,10.39416621,,3.372056771,42.62416785,13.93850398,14.88456324,2.777632774,15.45942977,21.53327671,44.59040132,12.10531865,90.20986816,11.15722889,38.2811909,11.80205802,14.04708964,0,2.082046228,8.158540589,40.11965679,1.23738603,86.34530959,18.36964415,33.55548928,25.67370811,30.81032042,8.725827717,23.60157963,0,13.75194902,0.04020835,13.7639329,14.09678678,3.867096848,5.865213011,16.73356848,9.390578811,28.26130079,32.07913562,1.4973304,15.56509312,13.79414901,61.29906537,69.16822323,8.731012471,,5.244268014,16.2354879,12.63066437,7.773317489,18.78051531,58.95153603,28.69105326,5.362730022,57.5521594,19.30773428,,91.21244898,7.344685763,8.596976266,45.73892161,11.53777186,23.76875805,56.71972561,84.22281152,,35.38639888,10.94132574,1.477330476,15.12637421,30.8206997,57.77876313,9.603121147,5.195174365,0.503680394,0,7.982028843,9.338640002,32.47922386,2.128258497,46.22391069,,4.846700439,,4.195159258,20.66725176,9.988205732,2.473657611,0,6.591431603,22.27962874,1.44827124,4.124858832,6.693845846,30.28172153,50.26672936,31.87855783,0,72.18575511,92.35032742,22.27370895,0,4.633517563,27.16399349,5.070738033,10.01800344,9.941510869,67.02512393,10.69840111,0.002298189,96.17947283,47.69849873,70.51381658,22.68703845,5.037813959,,40.13645252,83.55838142,15.56779151,,9.24339709,38.95291731,61.05580338,,22.44932226,37.33896592,0.909651808,13.63106448,45.19736696,,11.75042747,6.5586372,6.418183654,5.047648934,,4.867281493,10.80764188,2.53388133,9.991349427,17.56549151,58.95292628,13.43102729,14.53151712,19.98274037,1.016528201,38.31704872,1.28152468,79.36951313,49.88579509,15.95633906,76.44050095,5.650868896,0,30.15400604,63.05926922,93.04241385,26.44633096,42.35092803,1.47694856,63.27912287,1.267172521,45.83813649,21.54310591,0,,29.18245069,12.4890526,11.97431186
2003,7.311322391,19.26251387,80.78265731,0.004152901,,61.99917168,2.661521553,16.6729696,49.38817009,5.319178725,29.1021043,22.68625848,43.66155454,4.819451294,87.10055477,9.636132746,9.509869201,6.944581705,13.07650085,13.29700589,21.01509566,4.237612372,44.10604075,24.11382181,43.13136282,9.748136741,7.954231076,1.707113536,96.17730183,11.25909259,13.99266364,53.7292201,3.2132209,6.096845534,17.44536488,43.60964452,3.038935492,1.09294942,9.748559572,,25.53110346,41.65286147,19.56290276,27.88811083,10.80923418,48.41258309,8.669873116,26.48906759,49.25271306,9.906147754,,3.263679764,42.65733017,13.83342727,15.08684436,2.807550605,15.58463917,20.94978115,45.97932723,12.83255002,90.43685212,11.17338408,40.68667175,11.73491575,14.71184742,0,2.004845704,8.182980294,41.03266444,1.375661408,87.08546521,22.50454958,33.78719394,26.03117583,31.63525938,7.976816036,22.93577819,0,13.99540609,0.039509379,7.907750623,16.57081872,4.061229979,5.536471869,15.74472893,6.963438694,27.73907371,32.2960729,1.382344021,15.90287126,23.58607677,64.43960279,67.40328101,14.00280498,,6.32577932,15.81199966,12.10488502,7.938781224,22.21521452,63.25622585,28.30576086,5.320843141,58.10712865,19.60304427,,92.03669086,7.11710263,8.971471464,51.92139998,11.82624612,24.2477884,59.4673201,85.78532616,,35.9338236,10.83902956,1.357214157,14.37565584,30.65040411,62.22618788,9.659849877,5.066570994,0.703000404,0,8.094924127,8.730446627,30.93766492,2.143554414,45.99547718,,5.250715828,,5.468936462,20.73607436,10.87112897,2.42628999,0,6.529041191,22.54327681,1.481106044,3.882378781,6.833938297,30.53604405,53.77903755,33.45882861,0,73.62941874,92.73830531,23.26275536,0,4.48665977,31.41175743,5.377227156,9.955388508,10.36574261,65.87914806,11.06619617,0.002293783,96.37006467,48.45936401,70.61622239,31.91092459,5.040596207,,40.16297743,84.5100734,16.09573668,,9.866531443,38.44050059,60.61479844,,23.18292371,37.41957943,0.912879079,13.97305968,46.50731249,,10.82844735,5.942871665,6.354219069,5.052874497,,5.049678266,10.59067272,1.470073751,9.994828176,17.92220244,57.1224269,13.16103578,13.96611749,20.93973808,1.013709186,45.7554485,1.271299524,84.00780483,50.4953805,16.12367004,76.37661957,5.578082652,0,28.41809733,63.05828806,93.01869967,26.43621909,41.68566317,1.788665579,60.9737524,1.278857178,42.27059879,21.90844305,0,,29.82462192,12.38302293,12.2170971
2004,7.52240909,22.08988096,79.98857351,0.00410177,,63.55752377,2.807654916,17.95315713,48.94456129,5.539217365,29.2325614,21.88152049,43.46956167,4.960315202,87.22803285,10.07159498,10.23702622,6.674025456,13.11265273,14.13715358,20.15248673,4.555230358,40.46280657,11.56312636,45.25778585,10.32871468,7.961212454,1.779125755,96.94048696,11.24932824,14.66274965,52.38445599,3.22761104,5.65012435,16.23187171,42.83175621,3.241779572,1.424998512,11.52248158,,24.61499748,43.92007302,18.91667038,28.24025653,9.164022678,46.26494666,8.88891472,29.25568447,48.59679887,10.09443118,,2.290535107,42.50215698,15.33902447,15.4144922,2.924664285,15.74991433,21.46926484,47.00535968,12.9458118,92.07683729,15.97667639,41.11085739,12.32676404,14.9427507,0,2.071071565,8.06867722,41.63508962,1.607274102,84.14677997,20.68301816,34.64211302,26.78630821,33.27283212,6.535436738,23.32069729,0,13.86310114,0.048375312,15.74180381,16.21828848,3.831945288,5.424610279,16.03110185,7.934568415,27.36225226,31.09777957,1.326373515,15.77828511,19.27840956,65.42462861,69.72755089,11.8199035,,16.03495653,15.94804024,12.60292304,8.002555676,24.97360659,64.64839974,27.57434433,5.440397749,59.08616383,19.83043697,,91.99642145,7.259566589,5.742476683,53.55378641,11.86526574,29.43999639,58.11147474,86.28797653,,35.24849787,11.47881533,1.973747362,15.71395182,31.88387491,60.71432957,9.985020635,4.851577819,0.545631442,0,8.270098363,10.13475435,32.25163713,2.163127278,46.50033141,,5.935992754,,6.936798957,25.46534184,9.662215242,2.339217412,0,6.495448345,24.76427401,1.57775242,3.660221653,7.283427321,31.03532283,52.50784993,32.27318965,0,73.80727115,92.63265221,24.11957074,0,4.316074661,27.71686715,5.637484444,10.51575424,10.17081421,65.54882614,9.533086245,0.002339121,96.65523182,47.08151091,75.7141636,29.4829549,5.024630166,,40.12356867,84.5308848,15.29429342,,12.19280752,38.1271636,60.55984161,,21.99750702,37.94320851,0.925826519,14.42385085,46.97032201,,11.1025657,6.844902842,6.304056492,5.205494215,,5.125759432,10.18395559,2.116879228,9.872352475,18.42668844,54.64045533,12.89733804,15.7729263,20.9399409,1.100207468,43.35469764,1.287382107,84.57255329,50.71889249,16.06841358,75.69873943,5.569926732,0,29.92407146,62.77206279,93.01338852,25.3843393,41.20021306,2.098080694,60.36629179,1.31957206,44.08359734,26.70171352,0,,28.33459812,11.86995242,11.25827618
2005,7.72258261,22.24392341,80.48185417,0.004045561,,64.57534807,2.761475478,18.00231833,50.76215353,5.498959244,30.95122069,21.96800517,45.62680543,4.742652509,88.80786531,10.26428427,9.861525845,6.798448357,12.91856067,13.42219367,20.51872806,4.34305794,40.48492871,24.14141324,45.18378887,10.24846977,7.728693348,1.799648075,86.33212861,11.29175535,16.45562924,52.26616422,3.196675501,5.629667195,16.28937113,44.15441514,3.098569629,1.557634622,12.65773026,,24.59452258,45.64364982,19.30198281,28.52616363,10.3092575,50.06290378,10.46882507,26.46693452,48.99482543,9.377554031,,2.045345295,41.4837876,16.39666213,15.64046464,2.910374903,16.18907263,22.19407836,51.81325067,12.96339654,92.08812569,16.12230184,41.29676721,11.63779531,14.67740134,0,2.12625973,8.365884235,41.56826416,1.872270403,81.54657981,20.63453644,36.12999574,26.7913714,29.57429656,5.195869849,23.35723294,0,14.58679191,0.047563212,12.62310077,14.89599078,3.835095178,5.47921401,17.23562713,7.503031526,26.79653607,29.6148404,1.186066735,16.02882835,16.01626761,66.47222686,67.95151433,12.14818558,,19.55977911,15.32966051,11.51706394,8.246301984,26.47187636,65.51138801,28.17168994,5.467423593,60.94247619,20.07733262,,92.71196414,6.762215002,7.075099419,53.73181241,11.43343754,26.66991207,61.17353566,87.76071692,,35.13709769,10.5872476,2.440811468,13.83816497,31.23707581,60.75031157,10.54786406,4.856488325,0.491448989,0,8.40807399,10.421464,32.53305651,2.1837186,47.74500083,,5.938098551,,8.26653712,25.01073126,12.44208294,2.304192781,0,6.434366657,24.10867316,1.758106139,3.602467087,6.814204428,28.44943461,51.63191628,32.73863667,0,73.81556659,92.73747327,24.57116606,0,4.182894169,41.99342375,5.646456386,10.85758945,10.49229425,65.40716357,11.83273691,0.00233314,96.87670211,46.06190224,76.33482038,31.45491579,5.033355221,,40.23872379,85.26760923,15.04205741,0,12.5424379,43.035258,60.71156166,,20.4531587,37.40909857,0.926552254,14.9977387,46.6895345,,11.02396643,6.071538473,3.824776574,5.170769222,,5.116889542,9.291385515,3.013176969,10.32113756,19.16325809,51.67557804,12.48650113,15.30170023,21.46717986,1.103695627,39.6314742,1.340084346,85.39586078,49.99080607,16.17000699,76.56185033,5.468383942,0,26.15621081,62.3913535,92.98758778,23.54289847,39.57581791,2.456391093,60.14183197,1.333637142,44.25797045,29.83052511,0,,28.81242912,11.11426621,11.38829851
2006,7.900403882,23.66474562,80.28344049,0.003986174,,61.9811178,2.736662185,17.85710985,51.54060389,5.600088412,31.21800637,22.84654695,48.35826465,4.797107888,89.91954795,10.90048919,8.860204071,6.865474226,13.48608173,13.44084734,20.28090665,4.335771889,33.72836332,40.56165758,46.56444499,11.89052988,9.366340756,1.836341918,97.10431246,12.02025085,17.74219596,51.58007262,3.086078881,4.80882688,15.06401192,44.2485713,2.999250015,0.500091562,10.02389061,,23.89217125,46.2531147,19.15244573,29.37223342,6.368828801,63.01502901,10.53753255,26.07602444,49.87188331,10.09606681,,1.819153021,42.28718155,16.6718436,15.8320898,3.031388145,16.3998986,22.4953259,52.87064769,12.99652885,92.08735952,17.58430394,40.6084015,11.64622649,13.54399954,0,2.135705159,8.428057759,42.16364652,1.665575977,85.75579298,20.70757509,36.9678994,26.45025442,26.89746005,5.058885698,22.63298059,0,15.27159582,0.051384735,17.75886684,7.531184796,3.462419564,6.158024972,17.75487867,8.124687456,26.46713044,29.71410403,1.06854916,16.276736,10.59206328,67.5673125,67.56586756,12.51739514,,23.8136257,15.89246164,11.71960358,8.397460064,28.35095577,66.45825922,27.97540592,5.447647065,61.34400523,20.66418719,,92.6839399,6.745546637,9.014071833,54.02982588,11.12076768,27.2114675,62.02752102,88.46145787,,34.63004054,10.82177142,2.119513914,16.35572189,31.74094045,66.84700381,10.77056618,4.768815057,0.461396351,0,8.494452482,11.08933075,33.46070543,2.211889631,49.65936061,,7.449738044,,9.43140416,48.03477036,13.09266963,2.777635689,0,6.403068639,24.17650701,1.643862492,3.781645616,6.850847923,29.02874885,45.4518621,32.61725891,0,74.45409995,92.96175614,24.68209543,0,4.025409389,45.76825792,9.672512213,11.3168798,10.10654984,65.36096013,12.54309658,0.002499885,96.97837416,46.43630223,78.3325504,33.70539871,5.026746559,,40.09684851,85.28813581,14.97581508,,13.57754823,30.90670146,60.14138752,,22.17240269,38.24942727,0.936443608,15.50224975,46.78734537,,10.17999736,5.891342789,2.57604031,5.255402489,,5.132200059,7.472344722,3.416602123,10.81081421,19.89853465,49.57032976,11.9979339,21.26467684,21.59357786,1.110266979,44.23115188,1.399713813,87.03211473,50.03329782,17.01165546,76.17423766,5.537804058,0,27.6477858,64.83973185,93.18175233,22.32475516,39.66040034,2.731055512,60.01790445,1.330127341,43.91249524,32.62122575,0,,31.61311052,11.83126792,12.77313704
2007,8.073419206,24.75999216,79.44265626,0.00389051,,63.77493543,2.737464619,17.65798426,54.54026443,6.146509827,28.48575814,23.7253625,53.14255722,4.745917952,91.12763918,11.13612777,8.64560122,6.925445707,13.86190983,13.35283929,16.70081292,3.69348425,38.58943382,42.53735329,46.14077003,11.2869436,9.527291051,2.009204688,97.46361886,12.27860905,18.25462303,51.17106702,3.060129325,2.889646352,10.64202128,43.29547441,3.117508455,0.353292235,11.60958225,,23.19066101,46.43998323,18.9256698,29.1586484,3.260090634,42.6931453,11.44239107,25.84232453,49.94276374,9.851304021,,2.459651757,43.01998976,15.93681276,16.17230514,3.057292698,16.69841491,22.52420566,53.97656626,15.22037593,92.33256976,18.10185354,41.60816742,12.57544844,16.77410137,0,2.211088333,8.579466838,42.31550026,1.874073158,84.57479183,16.38120068,37.89290498,27.34167581,18.0412544,5.385097731,22.83292091,0,15.28673179,0.052743075,18.11602454,7.019426264,3.339101482,5.726595535,19.4447408,8.311913859,26.00825018,29.04666057,1.070965162,16.72119458,26.7603125,68.38595014,66.34656647,13.01954179,,24.56815816,16.29740429,11.67974968,8.546000672,29.72773816,66.58986846,28.43617499,5.587467304,57.89009475,21.19595382,,92.31402664,6.805513345,9.683105287,54.84071507,10.57377909,27.06937637,54.02794886,88.46652947,,34.27836082,11.01173208,2.409832669,16.07235455,32.05768684,66.5529571,11.02952252,4.173050666,0.388705623,0,8.5393454,11.52779035,34.21355269,2.236513496,51.17716559,,7.49445598,,10.67895337,48.83835114,13.33639484,2.566506416,0,6.359688211,24.71611229,1.793218493,3.843593202,6.769503622,29.01178101,39.70067227,32.27396234,0,75.65684025,92.7788563,25.18657181,0,3.853093871,40.98228008,11.78612734,12.21078272,10.4708295,63.68144267,12.63623762,0.002529989,97.30313734,46.56866316,78.9854896,33.54220352,5.048729674,,40.11705991,85.0040783,17.35970889,,14.96906419,22.79129475,59.81103663,,22.42868289,39.07784118,0.964148019,16.05395063,46.72126307,,9.77740002,5.595079008,1.136358378,5.327563936,,5.156674245,5.15997066,3.400687184,10.97566763,20.918336,47.73900209,12.17263713,21.99849114,21.56873983,1.131031935,29.19455009,1.479859965,87.05688715,55.37151603,17.31624074,76.58970386,5.713020597,0,16.97011109,67.00800971,93.19701008,22.2356894,39.78385948,2.856287917,58.97169636,1.345646555,40.99739984,34.20882395,0,,30.93727726,11.8188078,12.45780547
2008,8.193643221,25.79326823,79.3530714,0.003771101,,63.80243057,2.788952247,17.66005959,55.41369149,6.360103558,31.95452644,24.5266206,57.95179204,4.780040389,92.08499349,11.53442946,8.404425369,7.01967589,14.66860405,13.44992149,13.41232019,3.78203653,36.44944601,44.58816268,47.81814686,11.75659956,9.820190549,2.069105725,97.57539809,12.4435303,19.92830242,50.69988334,3.026399374,3.705718115,13.28600548,42.10604827,3.16393934,0.542241468,11.48854383,,23.69005597,48.03260714,19.18088661,29.47707818,9.059377955,56.22410782,12.07304248,24.68662702,48.704258,10.08594008,,2.41558475,43.04454665,16.5926139,16.45484218,2.903471037,17.1009587,22.72252146,55.33610952,15.24496482,92.22212961,19.60986732,40.93201591,11.67715603,16.73287322,0,2.266378649,8.763776922,42.56111058,2.06801543,53.89661631,19.2484444,39.18176865,26.61417991,13.49134865,4.724357178,22.51307472,0,15.30228351,0.055085692,19.40688683,4.673988964,3.513402986,5.439291833,19.98986641,8.486149778,25.55415353,29.02645333,0.947449546,17.20738566,26.73749429,68.58108624,67.28425341,13.64679528,,26.40292799,16.70063549,11.62184686,8.232973298,30.8871385,68.01358848,28.12072171,5.630427824,59.14877538,22.57267223,,92.25354066,6.986878203,9.657363163,55.52274925,10.93103304,27.07214546,55.82904708,88.70087006,,34.27524347,11.19056524,2.709805307,15.83503558,32.32234124,65.85682216,11.23898869,4.049637064,0.255698782,0,8.638317626,12.12217139,34.20128271,2.258516801,52.5350298,,7.760498914,,11.79665831,50.37305536,13.4424369,2.558846254,0,6.32513181,26.48340414,1.929764074,4.069827554,6.773415584,29.68625859,41.39797906,33.5443842,0,76.301127,92.81022876,25.19549299,0,3.957552952,45.61998728,12.33391289,12.99492531,10.47334526,62.96002029,12.69424398,0.002512463,97.63455082,46.47017415,79.50948695,33.29277413,5.066456201,,40.11794856,85.53806952,16.46555639,0,16.00533425,24.20906371,59.24309989,,22.99281113,38.85328796,0.978881387,16.57146139,47.09882168,,9.199707814,5.136663925,1.218043283,5.410643445,,5.158352102,6.396091142,3.634586857,11.00975971,21.60549424,45.44191095,11.84939066,22.24258239,22.15687498,1.154893315,27.88630434,1.533350866,86.64281886,56.01653326,19.59267931,76.71001217,5.7383969,0,22.27240955,69.57026111,92.92252643,22.61219145,40.07050124,3.027221461,59.17987042,1.355443859,41.19628708,34.70013046,0,,27.79487673,40.2737259,12.19134158
2009,,,,,,,,,,,,,,,,,,,,,,,,,,,,,,,,,,,,,,,,,,,,,,,,,,,,,,,,,,,,,,,,,,,,,,,,,,,,,,,,,,,,,,,,,,,,,,,,,,,,,,,,,,,,,,,,,,,,,,,,,,,,,,,,,,,,,,,,,,,,,,,,,,,,,,,,,,,,,,,,,,,,,,,,,,,,,,,,,,,,,,,,,,,,,,,,,,,,,,,,,,,,,,,,,,,,,,,,,
2010,,,,,,,,,,,,,,,,,,,,,,,,,,,,,,,,,,,,,,,,,,,,,,,,,,,,,,,,,,,,,,,,,,,,,,,,,,,,,,,,,,,,,,,,,,,,,,,,,,,,,,,,,,,,,,,,,,,,,,,,,,,,,,,,,,,,,,,,,,,,,,,,,,,,,,,,,,,,,,,,,,,,,,,,,,,,,,,,,,,,,,,,,,,,,,,,,,,,,,,,,,,,,,,,,,,,,,,,,
2011,,,,,,,,,,,,,,,,,,,,,,,,,,,,,,,,,,,,,,,,,,,,,,,,,,,,,,,,,,,,,,,,,,,,,,,,,,,,,,,,,,,,,,,,,,,,,,,,,,,,,,,,,,,,,,,,,,,,,,,,,,,,,,,,,,,,,,,,,,,,,,,,,,,,,,,,,,,,,,,,,,,,,,,,,,,,,,,,,,,,,,,,,,,,,,,,,,,,,,,,,,,,,,,,,,,,,,,,,
2012,,,,,,,,,,,,,,,,,,,,,,,,,,,,,,,,,,,,,,,,,,,,,,,,,,,,,,,,,,,,,,,,,,,,,,,,,,,,,,,,,,,,,,,,,,,,,,,,,,,,,,,,,,,,,,,,,,,,,,,,,,,,,,,,,,,,,,,,,,,,,,,,,,,,,,,,,,,,,,,,,,,,,,,,,,,,,,,,,,,,,,,,,,,,,,,,,,,,,,,,,,,,,,,,,,,,,,,,,
2013,,,,,,,,,,,,,,,,,,,,,,,,,,,,,,,,,,,,,,,,,,,,,,,,,,,,,,,,,,,,,,,,,,,,,,,,,,,,,,,,,,,,,,,,,,,,,,,,,,,,,,,,,,,,,,,,,,,,,,,,,,,,,,,,,,,,,,,,,,,,,,,,,,,,,,,,,,,,,,,,,,,,,,,,,,,,,,,,,,,,,,,,,,,,,,,,,,,,,,,,,,,,,,,,,,,,,,,,,
2014,,,,,,,,,,,,,,,,,,,,,,,,,,,,,,,,,,,,,,,,,,,,,,,,,,,,,,,,,,,,,,,,,,,,,,,,,,,,,,,,,,,,,,,,,,,,,,,,,,,,,,,,,,,,,,,,,,,,,,,,,,,,,,,,,,,,,,,,,,,,,,,,,,,,,,,,,,,,,,,,,,,,,,,,,,,,,,,,,,,,,,,,,,,,,,,,,,,,,,,,,,,,,,,,,,,,,,,,,
2015,,,,,,,,,,,,,,,,,,,,,,,,,,,,,,,,,,,,,,,,,,,,,,,,,,,,,,,,,,,,,,,,,,,,,,,,,,,,,,,,,,,,,,,,,,,,,,,,,,,,,,,,,,,,,,,,,,,,,,,,,,,,,,,,,,,,,,,,,,,,,,,,,,,,,,,,,,,,,,,,,,,,,,,,,,,,,,,,,,,,,,,,,,,,,,,,,,,,,,,,,,,,,,,,,,,,,,,,,
2016,,,,,,,,,,,,,,,,,,,,,,,,,,,,,,,,,,,,,,,,,,,,,,,,,,,,,,,,,,,,,,,,,,,,,,,,,,,,,,,,,,,,,,,,,,,,,,,,,,,,,,,,,,,,,,,,,,,,,,,,,,,,,,,,,,,,,,,,,,,,,,,,,,,,,,,,,,,,,,,,,,,,,,,,,,,,,,,,,,,,,,,,,,,,,,,,,,,,,,,,,,,,,,,,,,,,,,,,,
2017,,,,,,,,,,,,,,,,,,,,,,,,,,,,,,,,,,,,,,,,,,,,,,,,,,,,,,,,,,,,,,,,,,,,,,,,,,,,,,,,,,,,,,,,,,,,,,,,,,,,,,,,,,,,,,,,,,,,,,,,,,,,,,,,,,,,,,,,,,,,,,,,,,,,,,,,,,,,,,,,,,,,,,,,,,,,,,,,,,,,,,,,,,,,,,,,,,,,,,,,,,,,,,,,,,,,,,,,,
2018,,,,,,,,,,,,,,,,,,,,,,,,,,,,,,,,,,,,,,,,,,,,,,,,,,,,,,,,,,,,,,,,,,,,,,,,,,,,,,,,,,,,,,,,,,,,,,,,,,,,,,,,,,,,,,,,,,,,,,,,,,,,,,,,,,,,,,,,,,,,,,,,,,,,,,,,,,,,,,,,,,,,,,,,,,,,,,,,,,,,,,,,,,,,,,,,,,,,,,,,,,,,,,,,,,,,,,,,,
2019,,,,,,,,,,,,,,,,,,,,,,,,,,,,,,,,,,,,,,,,,,,,,,,,,,,,,,,,,,,,,,,,,,,,,,,,,,,,,,,,,,,,,,,,,,,,,,,,,,,,,,,,,,,,,,,,,,,,,,,,,,,,,,,,,,,,,,,,,,,,,,,,,,,,,,,,,,,,,,,,,,,,,,,,,,,,,,,,,,,,,,,,,,,,,,,,,,,,,,,,,,,,,,,,,,,,,,,,,
2020,,,,,,,,,,,,,,,,,,,,,,,,,,,,,,,,,,,,,,,,,,,,,,,,,,,,,,,,,,,,,,,,,,,,,,,,,,,,,,,,,,,,,,,,,,,,,,,,,,,,,,,,,,,,,,,,,,,,,,,,,,,,,,,,,,,,,,,,,,,,,,,,,,,,,,,,,,,,,,,,,,,,,,,,,,,,,,,,,,,,,,,,,,,,,,,,,,,,,,,,,,,,,,,,,,,,,,,,,
